"ID";"Gender";"Age";"Periods";"PersonalCareTotal_1";"SleepingResting_2";"WashingDressing_3";"EatingAtHome_4";"LookingAfterOthersTotal_5";"LookAfterPlayWithOneSOwnChildren_6";"LookAfterPlayWithOtherChildren_7";"LookAfterPlayWithOwnOtherChildren_8";"LookAfterRelativesInTheHousehold_9";"LookAfterRelativesOutsideHousehold_10";"LookAfterOthersOtherwise_11";"TravellingTimeTotal_12";"PaidJobsTotal_13";"EducationTotal_14";"AttendLessonsLecturesCourses_15";"DoingHomeworkStudying_16";"HouseholdJobsTotal_17";"ShoppingBankMailEtc_18";"AppointmentWithGPHairdresserEtc_19";"CleaningTheHouse_20";"HouseholdJobs_21";"PreparingFoodAndDrinks_22";"DoingLaundryIroningAndSewingEtc_23";"TakingCareOfPets_24";"MaintenanceJobsOddJobsGardening_25";"VolunteerWorkTotal_26";"WorkForReligiousPoliticalOrgan_27";"WorkForEducationalCaringOrgan_28";"WorkForSportsCulturalOrganisation_29";"LeisureActivitiesTotal_30";"Sports_31";"TVVideoRadioCDsCassettes_32";"ContactFamilyFriendsAcquaintances_33";"GoingToChurchMosqueEtc_34";"VisitRestaurantPubDiscothequeEtc_35";"Reading_36";"WalkingCycling_37";"VisitMuseumTheatreEtc_38";"GamesHobbiesMusicActing_39";"DoingNothingRelaxing_40";"OtherOrUnknownActivities_41";"PersonalCareTotal_42";"SleepingResting_43";"WashingDressing_44";"EatingAtHome_45";"LookingAfterOthersTotal_46";"LookAfterPlayWithOneSOwnChildren_47";"LookAfterPlayWithOtherChildren_48";"LookAfterPlayWithOwnOtherChildren_49";"LookAfterRelativesInTheHousehold_50";"LookAfterRelativesOutsideHousehold_51";"LookAfterOthersOtherwise_52";"TravellingTimeTotal_53";"PaidJobsTotal_54";"EducationTotal_55";"AttendLessonsLecturesCourses_56";"DoingHomeworkStudying_57";"HouseholdJobsTotal_58";"ShoppingBankMailEtc_59";"AppointmentWithGPHairdresserEtc_60";"CleaningTheHouse_61";"HouseholdJobs_62";"PreparingFoodAndDrinks_63";"DoingLaundryIroningAndSewingEtc_64";"TakingCareOfPets_65";"MaintenanceJobsOddJobsGardening_66";"VolunteerWorkTotal_67";"WorkForReligiousPoliticalOrgan_68";"WorkForEducationalCaringOrgan_69";"WorkForSportsCulturalOrganisation_70";"LeisureActivitiesTotal_71";"Sports_72";"TVVideoRadioCDsCassettes_73";"ContactFamilyFriendsAcquaintances_74";"GoingToChurchMosqueEtc_75";"VisitRestaurantPubDiscothequeEtc_76";"SpendTimeReading_77";"WalkingCycling_78";"VisitMuseumTheatreEtc_79";"GamesHobbiesMusicActing_80";"DoingNothingRelaxing_81";"OtherOrUnknownActivities_82"
"0";"3";"1";"1997JJ00";"10:52";" 8:30 ";" 0:42 ";" 1:40 ";" 0:36 ";" 0:21 ";" 0:04 ";" 0:03 ";" 0:04 ";" 0:02 ";" 0:02 ";" 0:48 ";" 2:26 ";" 0:37 ";" 0:25 ";" 0:11 ";" 1:54 ";" 0:30 ";" 0:04 ";" 0:34 ";" .    ";" .    ";" 0:13 ";" 0:08 ";" 0:24 ";" 0:11 ";" 0:03 ";" 0:03 ";" 0:05 ";" 6:02 ";" 0:17 ";" 2:02 ";" 1:33 ";" .    ";" 0:22 ";" 0:33 ";" 0:12 ";" 0:08 ";" 0:19 ";" 0:36 ";" 0:35 ";"     100";"     100";"      92";"      95";"      26";"      18";"       3";"       3";"       5";"       2";"       3";"      58";"      33";"      13";"       9";"       8";"      68";"      33";"       6";"      37";"       .";"       .";"      17";"      13";"      16";"       7";"       2";"       2";"       3";"      98";"      13";"      73";"      49";"       .";"      13";"      34";"      11";"       5";"      14";"      33";"      31"
"1";"3";"1";"1999JJ00";"10:13";" 8:31 ";" 0:38 ";" 1:04 ";" 0:31 ";" 0:21 ";" 0:04 ";" .    ";" 0:02 ";" 0:02 ";" 0:03 ";" 0:53 ";" 2:38 ";" 0:31 ";" 0:21 ";" 0:11 ";" 2:36 ";" 0:30 ";" 0:05 ";" .    ";" 0:56 ";" 0:28 ";" .    ";" 0:10 ";" 0:27 ";" 0:11 ";" 0:03 ";" 0:03 ";" 0:05 ";" 5:53 ";" 0:16 ";" 2:00 ";" 1:24 ";" 0:04 ";" 0:17 ";" 0:34 ";" 0:12 ";" 0:08 ";" 0:29 ";" 0:30 ";" 0:33 ";"     100";"     100";"      91";"      91";"      26";"      19";"       4";"       .";"       2";"       1";"       4";"      57";"      34";"      12";"       7";"       8";"      77";"      35";"       6";"       .";"      50";"      45";"       .";"      17";"      17";"       6";"       2";"       2";"       3";"      97";"      13";"      74";"      46";"       3";"      10";"      34";"      10";"       5";"      21";"      30";"      30"
"2";"3";"1";"2001JJ00";"10:15";" 8:30 ";" 0:38 ";" 1:07 ";" 0:29 ";" 0:21 ";" 0:03 ";" .    ";" 0:02 ";" 0:02 ";" 0:01 ";" 0:54 ";" 2:47 ";" 0:34 ";" 0:25 ";" 0:09 ";" 2:27 ";" 0:30 ";" 0:04 ";" .    ";" 0:53 ";" 0:26 ";" .    ";" 0:08 ";" 0:25 ";" 0:11 ";" 0:03 ";" 0:03 ";" 0:05 ";" 5:55 ";" 0:20 ";" 1:57 ";" 1:26 ";" 0:04 ";" 0:18 ";" 0:32 ";" 0:10 ";" 0:09 ";" 0:31 ";" 0:29 ";" 0:27 ";"     100";"     100";"      92";"      92";"      23";"      19";"       3";"       .";"       2";"       1";"       1";"      59";"      36";"      12";"       9";"       7";"      76";"      34";"       6";"       .";"      49";"      42";"       .";"      14";"      16";"       7";"       2";"       2";"       3";"      98";"      15";"      74";"      49";"       4";"      11";"      32";"      10";"       5";"      23";"      29";"      27"
"3";"3";"1";"2003JJ00";"10:14";" 8:32 ";" 0:36 ";" 1:06 ";" 0:26 ";" 0:20 ";" 0:03 ";" .    ";" 0:01 ";" 0:01 ";" 0:01 ";" 0:56 ";" 2:40 ";" 0:33 ";" 0:24 ";" 0:08 ";" 2:27 ";" 0:31 ";" 0:05 ";" .    ";" 0:52 ";" 0:26 ";" .    ";" 0:10 ";" 0:23 ";" 0:10 ";" 0:02 ";" 0:04 ";" 0:04 ";" 6:09 ";" 0:19 ";" 1:58 ";" 1:29 ";" 0:05 ";" 0:17 ";" 0:32 ";" 0:11 ";" 0:09 ";" 0:37 ";" 0:33 ";" 0:25 ";"     100";"     100";"      92";"      93";"      22";"      18";"       3";"       .";"       1";"       1";"       1";"      63";"      35";"      12";"       9";"       7";"      78";"      35";"       6";"       .";"      49";"      45";"       .";"      16";"      15";"       6";"       2";"       2";"       2";"      99";"      15";"      75";"      50";"       4";"      10";"      33";"      11";"       5";"      27";"      33";"      22"
"4";"3";"2";"1997JJ00";"11:18";" 9:28 ";" 0:40 ";" 1:10 ";" 0:19 ";" 0:04 ";" 0:09 ";" 0:01 ";" 0:01 ";" 0:02 ";" 0:01 ";" 0:45 ";" 0:38 ";" 3:36 ";" 2:52 ";" 0:44 ";" 0:38 ";" 0:17 ";" 0:02 ";" 0:08 ";" .    ";" .    ";" 0:01 ";" 0:05 ";" 0:05 ";" 0:04 ";" 0:00 ";" 0:00 ";" 0:03 ";" 6:07 ";" 0:37 ";" 2:13 ";" 1:31 ";" .    ";" 0:20 ";" 0:13 ";" 0:08 ";" 0:07 ";" 0:31 ";" 0:28 ";" 0:35 ";"     100";"     100";"      97";"      97";"      15";"       6";"       6";"       1";"       2";"       1";"       2";"      70";"      14";"      61";"      50";"      40";"      44";"      19";"       3";"      16";"       .";"       .";"       4";"      11";"       4";"       3";"       1";"       0";"       2";"      99";"      26";"      80";"      46";"       .";"      14";"      19";"       8";"       6";"      22";"      31";"      31"
"5";"3";"2";"1999JJ00";"11:11";" 9:34 ";" 0:37 ";" 1:00 ";" 0:14 ";" 0:03 ";" 0:07 ";" .    ";" 0:01 ";" 0:01 ";" 0:02 ";" 0:58 ";" 0:53 ";" 3:03 ";" 2:23 ";" 0:40 ";" 0:55 ";" 0:19 ";" 0:02 ";" .    ";" 0:09 ";" 0:08 ";" .    ";" 0:07 ";" 0:10 ";" 0:02 ";" 0:00 ";" 0:00 ";" 0:02 ";" 6:02 ";" 0:34 ";" 2:06 ";" 1:16 ";" 0:03 ";" 0:15 ";" 0:16 ";" 0:07 ";" 0:10 ";" 0:47 ";" 0:30 ";" 0:40 ";"     100";"     100";"      94";"      96";"      12";"       4";"       5";"       .";"       1";"       0";"       3";"      66";"      17";"      56";"      43";"      37";"      51";"      21";"       3";"       .";"      20";"      15";"       .";"      11";"       5";"       1";"       0";"       0";"       1";"      98";"      24";"      78";"      43";"       3";"       9";"      19";"       6";"       6";"      36";"      32";"      34"
"6";"3";"2";"2001JJ00";"11:09";" 9:25 ";" 0:40 ";" 1:03 ";" 0:06 ";" 0:03 ";" 0:02 ";" .    ";" 0:01 ";" 0:00 ";" 0:01 ";" 0:58 ";" 0:59 ";" 3:21 ";" 2:38 ";" 0:44 ";" 0:43 ";" 0:17 ";" 0:04 ";" .    ";" 0:08 ";" 0:05 ";" .    ";" 0:02 ";" 0:07 ";" 0:05 ";" 0:00 ";" 0:02 ";" 0:03 ";" 6:11 ";" 0:38 ";" 2:06 ";" 1:23 ";" 0:03 ";" 0:20 ";" 0:12 ";" 0:08 ";" 0:10 ";" 0:47 ";" 0:26 ";" 0:27 ";"     100";"     100";"      95";"      96";"       8";"       5";"       1";"       .";"       1";"       0";"       1";"      75";"      21";"      58";"      50";"      39";"      46";"      16";"       5";"       .";"      17";"      13";"       .";"       7";"       5";"       3";"       0";"       1";"       2";"      98";"      27";"      80";"      48";"       2";"      11";"      16";"       7";"       6";"      35";"      29";"      28"
"7";"3";"2";"2003JJ00";"11:21";" 9:41 ";" 0:37 ";" 1:02 ";" 0:06 ";" 0:01 ";" 0:04 ";" .    ";" 0:01 ";" 0:00 ";" 0:00 ";" 0:59 ";" 0:39 ";" 3:23 ";" 2:41 ";" 0:42 ";" 0:43 ";" 0:17 ";" 0:04 ";" .    ";" 0:10 ";" 0:04 ";" .    ";" 0:05 ";" 0:03 ";" 0:02 ";" 0:00 ";" 0:01 ";" 0:01 ";" 6:21 ";" 0:38 ";" 1:54 ";" 1:24 ";" 0:06 ";" 0:13 ";" 0:11 ";" 0:08 ";" 0:12 ";" 1:06 ";" 0:29 ";" 0:25 ";"     100";"     100";"      96";"      96";"       7";"       4";"       2";"       .";"       1";"       0";"       0";"      74";"      14";"      59";"      48";"      40";"      48";"      16";"       3";"       .";"      21";"      12";"       .";"      12";"       3";"       2";"       0";"       1";"       1";"      99";"      26";"      79";"      47";"       4";"       7";"      18";"       8";"       6";"      47";"      35";"      23"
"8";"3";"3";"1997JJ00";"10:24";" 8:31 ";" 0:40 ";" 1:12 ";" 0:10 ";" 0:03 ";" 0:01 ";" -    ";" 0:00 ";" 0:01 ";" 0:05 ";" 1:07 ";" 3:10 ";" 1:30 ";" 0:54 ";" 0:36 ";" 1:05 ";" 0:26 ";" 0:03 ";" 0:16 ";" .    ";" .    ";" 0:03 ";" 0:04 ";" 0:13 ";" 0:07 ";" 0:01 ";" 0:01 ";" 0:06 ";" 5:53 ";" 0:20 ";" 1:43 ";" 1:50 ";" .    ";" 0:44 ";" 0:15 ";" 0:05 ";" 0:06 ";" 0:19 ";" 0:30 ";" 0:34 ";"     100";"      99";"      93";"      96";"       9";"       4";"       1";"       0";"       0";"       1";"       3";"      72";"      43";"      33";"      20";"      20";"      56";"      30";"       5";"      26";"       .";"       .";"       8";"       9";"       9";"       5";"       1";"       1";"       3";"      98";"      16";"      69";"      56";"       .";"      20";"      22";"       6";"       4";"      14";"      32";"      26"
"9";"3";"3";"1999JJ00";"10:15";" 8:44 ";" 0:41 ";" 0:50 ";" 0:08 ";" 0:04 ";" 0:01 ";" .    ";" 0:00 ";" 0:00 ";" 0:02 ";" 1:09 ";" 3:27 ";" 1:22 ";" 0:50 ";" 0:33 ";" 1:26 ";" 0:25 ";" 0:03 ";" .    ";" 0:24 ";" 0:14 ";" .    ";" 0:05 ";" 0:14 ";" 0:06 ";" 0:01 ";" 0:04 ";" 0:02 ";" 5:44 ";" 0:20 ";" 1:55 ";" 1:32 ";" 0:05 ";" 0:34 ";" 0:13 ";" 0:05 ";" 0:10 ";" 0:23 ";" 0:26 ";" 0:23 ";"     100";"     100";"      92";"      89";"       8";"       4";"       1";"       .";"       0";"       0";"       3";"      73";"      43";"      29";"      18";"      16";"      62";"      31";"       4";"       .";"      35";"      30";"       .";"      11";"       8";"       4";"       1";"       1";"       2";"      97";"      16";"      74";"      50";"       4";"      20";"      17";"       5";"       3";"      18";"      28";"      24"
"10";"3";"3";"2001JJ00";"10:22";" 8:49 ";" 0:40 ";" 0:53 ";" 0:06 ";" 0:03 ";" 0:01 ";" .    ";" 0:00 ";" 0:00 ";" 0:02 ";" 1:13 ";" 3:15 ";" 1:25 ";" 0:59 ";" 0:26 ";" 1:16 ";" 0:23 ";" 0:02 ";" .    ";" 0:24 ";" 0:13 ";" .    ";" 0:03 ";" 0:12 ";" 0:09 ";" 0:03 ";" 0:02 ";" 0:04 ";" 5:52 ";" 0:22 ";" 1:48 ";" 1:37 ";" 0:04 ";" 0:37 ";" 0:11 ";" 0:08 ";" 0:11 ";" 0:29 ";" 0:26 ";" 0:22 ";"     100";"     100";"      92";"      89";"       7";"       4";"       2";"       .";"       0";"       0";"       1";"      71";"      42";"      30";"      24";"      15";"      58";"      26";"       3";"       .";"      31";"      27";"       .";"       7";"       8";"       4";"       1";"       1";"       2";"      98";"      18";"      70";"      54";"       3";"      19";"      15";"       5";"       5";"      20";"      27";"      22"
"11";"3";"3";"2003JJ00";"10:10";" 8:40 ";" 0:39 ";" 0:50 ";" 0:07 ";" 0:06 ";" 0:01 ";" .    ";" 0:00 ";" .    ";" 0:00 ";" 1:17 ";" 3:11 ";" 1:21 ";" 0:57 ";" 0:24 ";" 1:22 ";" 0:24 ";" 0:05 ";" .    ";" 0:25 ";" 0:13 ";" .    ";" 0:05 ";" 0:10 ";" 0:06 ";" 0:01 ";" 0:01 ";" 0:04 ";" 6:04 ";" 0:26 ";" 1:33 ";" 1:37 ";" 0:07 ";" 0:45 ";" 0:12 ";" 0:06 ";" 0:09 ";" 0:47 ";" 0:22 ";" 0:22 ";"     100";"     100";"      93";"      89";"       6";"       4";"       1";"       .";"       0";"       0";"       1";"      78";"      42";"      30";"      21";"      16";"      60";"      30";"       5";"       .";"      33";"      29";"       .";"       9";"       5";"       3";"       0";"       1";"       2";"      98";"      19";"      67";"      54";"       5";"      21";"      13";"       6";"       6";"      31";"      27";"      20"
"12";"3";"4";"1997JJ00";"10:20";" 8:10 ";" 0:40 ";" 1:30 ";" 1:01 ";" 0:45 ";" 0:04 ";" 0:06 ";" 0:04 ";" 0:01 ";" 0:01 ";" 0:52 ";" 3:39 ";" 0:15 ";" 0:09 ";" 0:07 ";" 1:56 ";" 0:29 ";" 0:04 ";" 0:35 ";" .    ";" .    ";" 0:15 ";" 0:08 ";" 0:26 ";" 0:08 ";" 0:02 ";" 0:02 ";" 0:05 ";" 5:16 ";" 0:17 ";" 1:43 ";" 1:29 ";" .    ";" 0:25 ";" 0:23 ";" 0:09 ";" 0:10 ";" 0:12 ";" 0:29 ";" 0:32 ";"     100";"     100";"      90";"      93";"      41";"      35";"       4";"       5";"       5";"       1";"       3";"      65";"      46";"       7";"       4";"       4";"      69";"      35";"       6";"      38";"       .";"       .";"      21";"      14";"      17";"       5";"       1";"       1";"       3";"      97";"      12";"      69";"      48";"       .";"      13";"      28";"      10";"       6";"      10";"      30";"      28"
"13";"3";"4";"1999JJ00";"9:40 ";" 8:10 ";" 0:35 ";" 0:55 ";" 0:56 ";" 0:46 ";" 0:04 ";" .    ";" 0:01 ";" 0:01 ";" 0:04 ";" 1:01 ";" 3:59 ";" 0:15 ";" 0:08 ";" 0:07 ";" 2:30 ";" 0:27 ";" 0:04 ";" .    ";" 0:56 ";" 0:27 ";" .    ";" 0:09 ";" 0:25 ";" 0:08 ";" 0:02 ";" 0:03 ";" 0:03 ";" 5:02 ";" 0:15 ";" 1:38 ";" 1:18 ";" 0:04 ";" 0:19 ";" 0:23 ";" 0:10 ";" 0:09 ";" 0:21 ";" 0:24 ";" 0:29 ";"     100";"     100";"      89";"      87";"      43";"      39";"       5";"       .";"       2";"       1";"       4";"      66";"      51";"       8";"       4";"       5";"      78";"      34";"       6";"       .";"      50";"      47";"       .";"      17";"      16";"       5";"       1";"       2";"       2";"      97";"      13";"      71";"      45";"       3";"      11";"      28";"       9";"       5";"      17";"      28";"      27"
"14";"3";"4";"2001JJ00";"9:44 ";" 8:10 ";" 0:35 ";" 0:58 ";" 0:53 ";" 0:47 ";" 0:03 ";" .    ";" 0:02 ";" 0:01 ";" 0:01 ";" 1:02 ";" 4:20 ";" 0:16 ";" 0:12 ";" 0:04 ";" 2:22 ";" 0:28 ";" 0:04 ";" .    ";" 0:53 ";" 0:25 ";" .    ";" 0:09 ";" 0:23 ";" 0:08 ";" 0:02 ";" 0:02 ";" 0:03 ";" 4:54 ";" 0:18 ";" 1:38 ";" 1:17 ";" 0:03 ";" 0:18 ";" 0:19 ";" 0:06 ";" 0:08 ";" 0:23 ";" 0:25 ";" 0:21 ";"     100";"     100";"      90";"      88";"      40";"      38";"       4";"       .";"       2";"       1";"       0";"      69";"      54";"       7";"       5";"       3";"      78";"      34";"       5";"       .";"      51";"      45";"       .";"      16";"      15";"       5";"       1";"       2";"       3";"      98";"      14";"      71";"      46";"       3";"      11";"      25";"       7";"       4";"      20";"      26";"      25"
"15";"3";"4";"2003JJ00";"9:50 ";" 8:16 ";" 0:34 ";" 1:00 ";" 0:53 ";" 0:47 ";" 0:03 ";" .    ";" 0:01 ";" 0:01 ";" 0:00 ";" 1:03 ";" 4:04 ";" 0:12 ";" 0:08 ";" 0:04 ";" 2:27 ";" 0:30 ";" 0:04 ";" .    ";" 0:53 ";" 0:27 ";" .    ";" 0:10 ";" 0:24 ";" 0:09 ";" 0:02 ";" 0:03 ";" 0:03 ";" 5:02 ";" 0:17 ";" 1:35 ";" 1:21 ";" 0:03 ";" 0:17 ";" 0:18 ";" 0:07 ";" 0:09 ";" 0:28 ";" 0:27 ";" 0:21 ";"     100";"     100";"      89";"      90";"      41";"      38";"       4";"       .";"       1";"       1";"       0";"      71";"      51";"       6";"       3";"       4";"      80";"      35";"       5";"       .";"      50";"      48";"       .";"      17";"      15";"       5";"       1";"       2";"       2";"      98";"      14";"      71";"      47";"       3";"      10";"      24";"       8";"       5";"      22";"      28";"      19"
"16";"3";"5";"1997JJ00";"10:58";" 8:22 ";" 0:42 ";" 1:53 ";" 0:26 ";" 0:08 ";" 0:04 ";" 0:02 ";" 0:06 ";" 0:04 ";" 0:03 ";" 0:46 ";" 2:15 ";" 0:09 ";" 0:04 ";" 0:04 ";" 2:21 ";" 0:34 ";" 0:06 ";" 0:39 ";" .    ";" .    ";" 0:18 ";" 0:11 ";" 0:33 ";" 0:15 ";" 0:04 ";" 0:05 ";" 0:07 ";" 6:09 ";" 0:15 ";" 2:07 ";" 1:25 ";" .    ";" 0:14 ";" 0:42 ";" 0:17 ";" 0:07 ";" 0:21 ";" 0:41 ";" 0:41 ";"     100";"     100";"      93";"      96";"      22";"       9";"       2";"       2";"       6";"       3";"       4";"      53";"      31";"       5";"       2";"       4";"      73";"      36";"       7";"      40";"       .";"       .";"      19";"      15";"      20";"       9";"       3";"       2";"       4";"      97";"      10";"      72";"      46";"       .";"      11";"      41";"      13";"       5";"      13";"      35";"      33"
"17";"3";"5";"1999JJ00";"10:10";" 8:19 ";" 0:38 ";" 1:12 ";" 0:21 ";" 0:08 ";" 0:05 ";" .    ";" 0:02 ";" 0:03 ";" 0:03 ";" 0:48 ";" 2:25 ";" 0:05 ";" 0:02 ";" 0:03 ";" 3:16 ";" 0:36 ";" 0:05 ";" .    ";" 1:06 ";" 0:34 ";" .    ";" 0:15 ";" 0:39 ";" 0:16 ";" 0:05 ";" 0:03 ";" 0:07 ";" 6:03 ";" 0:14 ";" 2:00 ";" 1:23 ";" 0:04 ";" 0:12 ";" 0:44 ";" 0:17 ";" 0:07 ";" 0:29 ";" 0:32 ";" 0:37 ";"     100";"     100";"      91";"      92";"      19";"      10";"       3";"       .";"       3";"       3";"       4";"      51";"      31";"       4";"       2";"       3";"      83";"      38";"       6";"       .";"      55";"      48";"       .";"      21";"      23";"       9";"       3";"       2";"       4";"      97";"      10";"      73";"      45";"       3";"       9";"      44";"      13";"       5";"      20";"      30";"      32"
"18";"3";"5";"2001JJ00";"10:12";" 8:23 ";" 0:39 ";" 1:11 ";" 0:21 ";" 0:10 ";" 0:04 ";" .    ";" 0:02 ";" 0:03 ";" 0:01 ";" 0:52 ";" 2:37 ";" 0:07 ";" 0:05 ";" 0:03 ";" 3:06 ";" 0:35 ";" 0:05 ";" .    ";" 1:05 ";" 0:32 ";" .    ";" 0:12 ";" 0:37 ";" 0:16 ";" 0:04 ";" 0:04 ";" 0:07 ";" 5:59 ";" 0:18 ";" 1:56 ";" 1:25 ";" 0:04 ";" 0:14 ";" 0:38 ";" 0:14 ";" 0:09 ";" 0:30 ";" 0:30 ";" 0:30 ";"     100";"     100";"      93";"      93";"      17";"      11";"       3";"       .";"       2";"       2";"       1";"      54";"      35";"       5";"       3";"       2";"      83";"      38";"       6";"       .";"      53";"      46";"       .";"      18";"      22";"       9";"       3";"       3";"       5";"      98";"      13";"      73";"      48";"       4";"      11";"      39";"      13";"       5";"      21";"      30";"      30"
"19";"3";"5";"2003JJ00";"10:00";" 8:14 ";" 0:36 ";" 1:10 ";" 0:17 ";" 0:07 ";" 0:04 ";" .    ";" 0:02 ";" 0:03 ";" 0:02 ";" 0:52 ";" 2:44 ";" 0:06 ";" 0:04 ";" 0:02 ";" 2:58 ";" 0:35 ";" 0:05 ";" .    ";" 1:00 ";" 0:32 ";" .    ";" 0:14 ";" 0:30 ";" 0:15 ";" 0:03 ";" 0:06 ";" 0:06 ";" 6:21 ";" 0:16 ";" 2:03 ";" 1:33 ";" 0:05 ";" 0:13 ";" 0:41 ";" 0:14 ";" 0:08 ";" 0:33 ";" 0:36 ";" 0:27 ";"     100";"     100";"      92";"      94";"      15";"       9";"       3";"       .";"       2";"       2";"       1";"      58";"      37";"       4";"       2";"       2";"      84";"      39";"       7";"       .";"      54";"      50";"       .";"      20";"      21";"       8";"       2";"       3";"       3";"      99";"      14";"      75";"      52";"       4";"      10";"      42";"      13";"       5";"      24";"      34";"      24"
"20";"3";"6";"1997JJ00";"12:09";" 9:01 ";" 0:49 ";" 2:19 ";" 0:16 ";" 0:04 ";" 0:05 ";" 0:00 ";" 0:05 ";" 0:01 ";" 0:00 ";" 0:29 ";" 0:09 ";" 0:03 ";" 0:01 ";" 0:01 ";" 2:13 ";" 0:33 ";" 0:04 ";" 0:49 ";" .    ";" .    ";" 0:15 ";" 0:09 ";" 0:23 ";" 0:14 ";" 0:06 ";" 0:03 ";" 0:04 ";" 7:52 ";" 0:08 ";" 2:47 ";" 1:49 ";" .    ";" 0:15 ";" 1:07 ";" 0:19 ";" 0:06 ";" 0:32 ";" 0:51 ";" 0:36 ";"     100";"     100";"      95";"      98";"      14";"       5";"       3";"       1";"       5";"       1";"       1";"      36";"       4";"       3";"       2";"       1";"      77";"      37";"       5";"      51";"       .";"       .";"      20";"      11";"      17";"       8";"       4";"       2";"       3";"      98";"       8";"      83";"      53";"       .";"       9";"      55";"      17";"       4";"      20";"      40";"      34"
"21";"3";"6";"1999JJ00";"11:09";" 9:01 ";" 0:42 ";" 1:26 ";" 0:15 ";" 0:03 ";" 0:03 ";" .    ";" 0:02 ";" 0:02 ";" 0:04 ";" 0:26 ";" 0:06 ";" 0:04 ";" 0:02 ";" 0:02 ";" 3:22 ";" 0:34 ";" 0:06 ";" .    ";" 1:23 ";" 0:43 ";" .    ";" 0:08 ";" 0:28 ";" 0:16 ";" 0:05 ";" 0:04 ";" 0:08 ";" 7:43 ";" 0:11 ";" 2:54 ";" 1:41 ";" 0:04 ";" 0:08 ";" 1:07 ";" 0:12 ";" 0:05 ";" 0:39 ";" 0:42 ";" 0:39 ";"     100";"     100";"      93";"      96";"      13";"       4";"       2";"       .";"       4";"       1";"       4";"      30";"       2";"       3";"       1";"       2";"      88";"      40";"       7";"       .";"      68";"      57";"       .";"      13";"      20";"       8";"       3";"       2";"       3";"      99";"      10";"      83";"      48";"       5";"       6";"      53";"      13";"       5";"      26";"      36";"      35"
"22";"3";"6";"2001JJ00";"11:04";" 8:51 ";" 0:42 ";" 1:30 ";" 0:12 ";" 0:03 ";" 0:02 ";" .    ";" 0:02 ";" 0:03 ";" 0:03 ";" 0:26 ";" 0:07 ";" 0:03 ";" 0:01 ";" 0:02 ";" 3:05 ";" 0:33 ";" 0:06 ";" .    ";" 1:15 ";" 0:37 ";" .    ";" 0:08 ";" 0:25 ";" 0:15 ";" 0:05 ";" 0:06 ";" 0:05 ";" 8:09 ";" 0:14 ";" 2:44 ";" 1:46 ";" 0:03 ";" 0:10 ";" 1:14 ";" 0:17 ";" 0:09 ";" 0:47 ";" 0:44 ";" 0:39 ";"     100";"     100";"      94";"      97";"       9";"       4";"       2";"       .";"       2";"       2";"       2";"      32";"       3";"       2";"       1";"       1";"      88";"      38";"       8";"       .";"      65";"      56";"       .";"      11";"      19";"       9";"       3";"       4";"       3";"     100";"      12";"      84";"      56";"       4";"       8";"      57";"      17";"       7";"      30";"      34";"      32"
"23";"3";"6";"2003JJ00";"11:06";" 8:59 ";" 0:40 ";" 1:27 ";" 0:06 ";" 0:02 ";" 0:01 ";" .    ";" 0:01 ";" 0:01 ";" 0:01 ";" 0:32 ";" 0:06 ";" 0:04 ";" 0:03 ";" 0:01 ";" 3:08 ";" 0:36 ";" 0:05 ";" .    ";" 1:14 ";" 0:36 ";" .    ";" 0:09 ";" 0:28 ";" 0:11 ";" 0:03 ";" 0:03 ";" 0:04 ";" 8:18 ";" 0:13 ";" 3:00 ";" 1:40 ";" 0:05 ";" 0:08 ";" 1:11 ";" 0:22 ";" 0:06 ";" 0:42 ";" 0:51 ";" 0:29 ";"     100";"     100";"      95";"      97";"       8";"       4";"       1";"       .";"       2";"       1";"       1";"      37";"       3";"       2";"       2";"       1";"      89";"      39";"       7";"       .";"      66";"      57";"       .";"      12";"      19";"       6";"       2";"       2";"       3";"     100";"      10";"      85";"      54";"       4";"       7";"      56";"      18";"       5";"      28";"      42";"      25"
"24";"1";"1";"1997JJ00";"10:26";" 8:21 ";" 0:37 ";" 1:28 ";" 0:23 ";" 0:13 ";" 0:03 ";" 0:02 ";" 0:02 ";" 0:01 ";" 0:02 ";" 0:51 ";" 3:21 ";" 0:38 ";" 0:26 ";" 0:12 ";" 1:29 ";" 0:23 ";" 0:03 ";" 0:14 ";" .    ";" .    ";" 0:04 ";" 0:08 ";" 0:37 ";" 0:13 ";" 0:03 ";" 0:03 ";" 0:07 ";" 6:05 ";" 0:21 ";" 2:11 ";" 1:23 ";" .    ";" 0:25 ";" 0:30 ";" 0:12 ";" 0:08 ";" 0:21 ";" 0:33 ";" 0:35 ";"     100";"     100";"      92";"      95";"      21";"      14";"       2";"       2";"       3";"       1";"       3";"      60";"      42";"      14";"       9";"       8";"      57";"      25";"       4";"      22";"       .";"       .";"       6";"      12";"      20";"       8";"       2";"       2";"       4";"      97";"      14";"      75";"      42";"       .";"      14";"      32";"      11";"       5";"      14";"      31";"      29"
"25";"1";"1";"1999JJ00";"9:56 ";" 8:17 ";" 0:35 ";" 1:04 ";" 0:21 ";" 0:14 ";" 0:03 ";" .    ";" 0:01 ";" 0:01 ";" 0:03 ";" 1:00 ";" 3:31 ";" 0:35 ";" 0:24 ";" 0:11 ";" 1:54 ";" 0:22 ";" 0:04 ";" .    ";" 0:25 ";" 0:15 ";" .    ";" 0:09 ";" 0:39 ";" 0:12 ";" 0:03 ";" 0:03 ";" 0:07 ";" 5:58 ";" 0:22 ";" 2:03 ";" 1:16 ";" 0:04 ";" 0:18 ";" 0:32 ";" 0:13 ";" 0:10 ";" 0:32 ";" 0:29 ";" 0:32 ";"     100";"     100";"      91";"      91";"      20";"      15";"       3";"       .";"       1";"       1";"       3";"      61";"      42";"      13";"       8";"       8";"      66";"      27";"       5";"       .";"      32";"      28";"       .";"      21";"      14";"       6";"       2";"       1";"       4";"      97";"      15";"      76";"      40";"       3";"      12";"      32";"      10";"       5";"      22";"      29";"      28"
"26";"1";"1";"2001JJ00";"9:59 ";" 8:21 ";" 0:35 ";" 1:04 ";" 0:19 ";" 0:14 ";" 0:02 ";" .    ";" 0:01 ";" 0:01 ";" 0:01 ";" 1:01 ";" 3:42 ";" 0:35 ";" 0:26 ";" 0:09 ";" 1:44 ";" 0:21 ";" 0:04 ";" .    ";" 0:22 ";" 0:15 ";" .    ";" 0:08 ";" 0:34 ";" 0:13 ";" 0:03 ";" 0:03 ";" 0:07 ";" 6:01 ";" 0:23 ";" 2:02 ";" 1:22 ";" 0:03 ";" 0:18 ";" 0:29 ";" 0:12 ";" 0:10 ";" 0:34 ";" 0:28 ";" 0:26 ";"     100";"     100";"      92";"      91";"      18";"      15";"       2";"       .";"       1";"       1";"       1";"      63";"      44";"      12";"       9";"       7";"      67";"      26";"       5";"       .";"      32";"      28";"       .";"      12";"      20";"       8";"       2";"       2";"       4";"      98";"      16";"      75";"      44";"       3";"      12";"      30";"      11";"       5";"      24";"      28";"      25"
"27";"1";"1";"2003JJ00";"9:57 ";" 8:19 ";" 0:33 ";" 1:04 ";" 0:18 ";" 0:15 ";" 0:02 ";" .    ";" 0:01 ";" 0:01 ";" 0:00 ";" 1:02 ";" 3:28 ";" 0:33 ";" 0:26 ";" 0:07 ";" 1:48 ";" 0:23 ";" 0:04 ";" .    ";" 0:23 ";" 0:14 ";" .    ";" 0:10 ";" 0:35 ";" 0:12 ";" 0:02 ";" 0:04 ";" 0:06 ";" 6:18 ";" 0:24 ";" 2:02 ";" 1:20 ";" 0:05 ";" 0:20 ";" 0:28 ";" 0:12 ";" 0:09 ";" 0:44 ";" 0:32 ";" 0:25 ";"     100";"     100";"      92";"      93";"      17";"      15";"       2";"       .";"       1";"       0";"       0";"      66";"      43";"      12";"       9";"       7";"      68";"      27";"       5";"       .";"      32";"      29";"       .";"      14";"      20";"       6";"       1";"       2";"       3";"      99";"      18";"      75";"      44";"       3";"      12";"      30";"      11";"       5";"      30";"      31";"      21"
"28";"1";"2";"1997JJ00";"11:15";" 9:29 ";" 0:35 ";" 1:10 ";" 0:27 ";" 0:04 ";" 0:14 ";" 0:02 ";" 0:02 ";" 0:05 ";" 0:01 ";" 0:41 ";" 0:46 ";" 3:23 ";" 2:45 ";" 0:39 ";" 0:27 ";" 0:10 ";" 0:01 ";" 0:04 ";" .    ";" .    ";" 0:01 ";" 0:03 ";" 0:08 ";" 0:03 ";" 0:00 ";" 0:00 ";" 0:02 ";" 6:18 ";" 0:47 ";" 2:27 ";" 1:26 ";" .    ";" 0:16 ";" 0:07 ";" 0:07 ";" 0:06 ";" 0:44 ";" 0:19 ";" 0:39 ";"     100";"     100";"      98";"      97";"      16";"       6";"       7";"       2";"       3";"       1";"       2";"      69";"      14";"      59";"      47";"      38";"      37";"      15";"       3";"      12";"       .";"       .";"       2";"      10";"       6";"       2";"       0";"       0";"       2";"      98";"      30";"      85";"      42";"       .";"      13";"      13";"       7";"       5";"      29";"      25";"      32"
"29";"1";"2";"1999JJ00";"11:05";" 9:30 ";" 0:33 ";" 1:03 ";" 0:11 ";" 0:01 ";" 0:07 ";" .    ";" -    ";" -    ";" 0:03 ";" 0:52 ";" 0:53 ";" 3:18 ";" 2:42 ";" 0:36 ";" 0:50 ";" 0:15 ";" 0:01 ";" .    ";" 0:06 ";" 0:05 ";" .    ";" 0:05 ";" 0:17 ";" 0:03 ";" 0:00 ";" 0:00 ";" 0:02 ";" 6:07 ";" 0:47 ";" 2:05 ";" 1:02 ";" 0:02 ";" 0:12 ";" 0:12 ";" 0:06 ";" 0:11 ";" 1:02 ";" 0:28 ";" 0:40 ";"     100";"     100";"      92";"      98";"      10";"       3";"       5";"       .";"       0";"       0";"       3";"      64";"      17";"      58";"      47";"      37";"      45";"      16";"       3";"       .";"      14";"      13";"       .";"      10";"       8";"       2";"       0";"       0";"       1";"      98";"      30";"      77";"      33";"       1";"       7";"      14";"       6";"       7";"      45";"      31";"      34"
"30";"1";"2";"2001JJ00";"11:01";" 9:22 ";" 0:35 ";" 1:05 ";" 0:06 ";" 0:03 ";" 0:00 ";" .    ";" 0:00 ";" 0:00 ";" 0:01 ";" 0:57 ";" 1:11 ";" 3:24 ";" 2:45 ";" 0:39 ";" 0:33 ";" 0:08 ";" 0:03 ";" .    ";" 0:05 ";" 0:04 ";" .    ";" 0:03 ";" 0:09 ";" 0:05 ";" -    ";" 0:01 ";" 0:04 ";" 6:14 ";" 0:42 ";" 2:10 ";" 1:09 ";" 0:04 ";" 0:14 ";" 0:08 ";" 0:09 ";" 0:12 ";" 1:04 ";" 0:24 ";" 0:29 ";"     100";"     100";"      94";"      96";"       7";"       5";"       0";"       .";"       1";"       0";"       1";"      75";"      24";"      58";"      52";"      38";"      39";"      11";"       5";"       .";"      12";"      11";"       .";"       7";"       5";"       2";"       0";"       1";"       2";"      98";"      30";"      82";"      41";"       2";"       8";"      14";"       8";"       7";"      41";"      26";"      28"
"31";"1";"2";"2003JJ00";"11:10";" 9:35 ";" 0:32 ";" 1:02 ";" 0:05 ";" 0:02 ";" 0:03 ";" .    ";" 0:00 ";" .    ";" .    ";" 1:02 ";" 0:38 ";" 3:21 ";" 2:46 ";" 0:35 ";" 0:30 ";" 0:11 ";" 0:02 ";" .    ";" 0:05 ";" 0:03 ";" .    ";" 0:04 ";" 0:04 ";" 0:02 ";" 0:00 ";" 0:00 ";" 0:01 ";" 6:48 ";" 0:48 ";" 1:56 ";" 1:17 ";" 0:07 ";" 0:13 ";" 0:09 ";" 0:07 ";" 0:13 ";" 1:27 ";" 0:31 ";" 0:25 ";"     100";"     100";"      94";"      97";"       7";"       5";"       2";"       .";"       1";"       0";"       0";"      74";"      14";"      57";"      50";"      37";"      40";"      12";"       2";"       .";"      14";"      10";"       .";"       9";"       3";"       2";"       1";"       0";"       1";"      99";"      32";"      79";"      41";"       5";"       7";"      15";"       7";"       6";"      56";"      35";"      23"
"32";"1";"3";"1997JJ00";"9:55 ";" 8:14 ";" 0:33 ";" 1:09 ";" 0:10 ";" 0:02 ";" 0:01 ";" -    ";" -    ";" 0:00 ";" 0:07 ";" 1:09 ";" 3:21 ";" 1:28 ";" 0:54 ";" 0:34 ";" 0:49 ";" 0:19 ";" 0:03 ";" 0:06 ";" .    ";" .    ";" 0:01 ";" 0:01 ";" 0:19 ";" 0:11 ";" 0:00 ";" 0:01 ";" 0:09 ";" 6:25 ";" 0:26 ";" 1:51 ";" 1:55 ";" .    ";" 0:53 ";" 0:15 ";" 0:05 ";" 0:07 ";" 0:24 ";" 0:29 ";" 0:31 ";"     100";"      99";"      90";"      98";"       9";"       3";"       1";"       0";"       0";"       0";"       4";"      73";"      45";"      34";"      20";"      20";"      48";"      23";"       6";"      15";"       .";"       .";"       3";"       4";"      10";"       7";"       1";"       1";"       5";"      98";"      18";"      69";"      52";"       .";"      20";"      23";"       4";"       3";"      17";"      32";"      24"
"33";"1";"3";"1999JJ00";"9:48 ";" 8:24 ";" 0:33 ";" 0:51 ";" 0:03 ";" 0:01 ";" -    ";" .    ";" -    ";" 0:01 ";" 0:01 ";" 1:16 ";" 4:09 ";" 1:19 ";" 0:52 ";" 0:27 ";" 0:59 ";" 0:16 ";" 0:03 ";" .    ";" 0:13 ";" 0:07 ";" .    ";" 0:02 ";" 0:18 ";" 0:10 ";" 0:01 ";" 0:05 ";" 0:03 ";" 6:00 ";" 0:22 ";" 1:53 ";" 1:34 ";" 0:06 ";" 0:37 ";" 0:11 ";" 0:04 ";" 0:16 ";" 0:35 ";" 0:23 ";" 0:17 ";"     100";"     100";"      89";"      89";"       4";"       2";"       0";"       .";"       0";"       0";"       1";"      76";"      48";"      29";"      19";"      14";"      47";"      22";"       3";"       .";"      20";"      18";"       .";"       7";"       8";"       5";"       2";"       1";"       2";"      98";"      18";"      71";"      48";"       4";"      21";"      15";"       4";"       4";"      23";"      27";"      19"
"34";"1";"3";"2001JJ00";"10:09";" 8:43 ";" 0:34 ";" 0:52 ";" 0:02 ";" 0:01 ";" 0:01 ";" .    ";" 0:00 ";" 0:00 ";" 0:01 ";" 1:26 ";" 3:25 ";" 1:13 ";" 0:51 ";" 0:22 ";" 1:04 ";" 0:18 ";" 0:01 ";" .    ";" 0:16 ";" 0:08 ";" .    ";" 0:02 ";" 0:18 ";" 0:14 ";" 0:05 ";" 0:02 ";" 0:07 ";" 6:05 ";" 0:26 ";" 1:48 ";" 1:35 ";" 0:04 ";" 0:40 ";" 0:06 ";" 0:08 ";" 0:13 ";" 0:42 ";" 0:24 ";" 0:22 ";"     100";"     100";"      92";"      89";"       4";"       2";"       0";"       .";"       0";"       0";"       1";"      73";"      43";"      28";"      23";"      14";"      48";"      19";"       3";"       .";"      23";"      21";"       .";"       5";"      11";"       5";"       1";"       1";"       4";"      98";"      22";"      69";"      50";"       3";"      23";"       9";"       5";"       6";"      26";"      27";"      22"
"35";"1";"3";"2003JJ00";"9:47 ";" 8:25 ";" 0:35 ";" 0:47 ";" 0:01 ";" 0:00 ";" 0:00 ";" .    ";" 0:00 ";" .    ";" 0:00 ";" 1:16 ";" 3:16 ";" 1:23 ";" 1:03 ";" 0:20 ";" 1:02 ";" 0:16 ";" 0:04 ";" .    ";" 0:14 ";" 0:08 ";" .    ";" 0:04 ";" 0:16 ";" 0:05 ";" .    ";" 0:02 ";" 0:03 ";" 6:51 ";" 0:33 ";" 1:38 ";" 1:38 ";" 0:07 ";" 0:57 ";" 0:11 ";" 0:07 ";" 0:11 ";" 1:05 ";" 0:23 ";" 0:19 ";"     100";"     100";"      91";"      89";"       3";"       2";"       0";"       .";"       1";"       0";"       1";"      81";"      41";"      30";"      22";"      14";"      49";"      21";"       5";"       .";"      23";"      21";"       .";"       8";"       7";"       3";"       0";"       1";"       2";"      97";"      24";"      69";"      52";"       4";"      24";"       9";"       6";"       7";"      40";"      27";"      17"
"36";"1";"4";"1997JJ00";"9:53 ";" 8:01 ";" 0:35 ";" 1:17 ";" 0:35 ";" 0:26 ";" 0:02 ";" 0:03 ";" 0:03 ";" 0:00 ";" 0:01 ";" 0:56 ";" 4:55 ";" 0:16 ";" 0:09 ";" 0:08 ";" 1:25 ";" 0:21 ";" 0:02 ";" 0:13 ";" .    ";" .    ";" 0:04 ";" 0:07 ";" 0:39 ";" 0:10 ";" 0:02 ";" 0:01 ";" 0:06 ";" 5:21 ";" 0:23 ";" 1:50 ";" 1:18 ";" .    ";" 0:32 ";" 0:20 ";" 0:09 ";" 0:11 ";" 0:13 ";" 0:26 ";" 0:29 ";"     100";"     100";"      90";"      93";"      32";"      26";"       2";"       3";"       3";"       0";"       3";"      67";"      58";"       7";"       4";"       4";"      56";"      23";"       3";"      22";"       .";"       .";"       7";"      10";"      21";"       6";"       2";"       1";"       4";"      97";"      14";"      71";"      42";"       .";"      17";"      26";"      10";"       6";"       9";"      27";"      26"
"37";"1";"4";"1999JJ00";"9:25 ";" 7:59 ";" 0:33 ";" 0:54 ";" 0:37 ";" 0:30 ";" 0:02 ";" .    ";" -    ";" 0:01 ";" 0:04 ";" 1:09 ";" 5:02 ";" 0:18 ";" 0:09 ";" 0:09 ";" 1:42 ";" 0:20 ";" 0:03 ";" .    ";" 0:23 ";" 0:15 ";" .    ";" 0:06 ";" 0:35 ";" 0:06 ";" 0:02 ";" 0:02 ";" 0:03 ";" 5:11 ";" 0:19 ";" 1:44 ";" 1:10 ";" 0:04 ";" 0:22 ";" 0:21 ";" 0:09 ";" 0:12 ";" 0:25 ";" 0:25 ";" 0:28 ";"     100";"      99";"      89";"      88";"      34";"      30";"       3";"       .";"       1";"       1";"       4";"      69";"      59";"       9";"       4";"       6";"      66";"      24";"       4";"       .";"      31";"      30";"       .";"      12";"      19";"       4";"       1";"       1";"       2";"      97";"      14";"      73";"      40";"       3";"      12";"      23";"       8";"       6";"      18";"      27";"      25"
"38";"1";"4";"2001JJ00";"9:23 ";" 7:55 ";" 0:34 ";" 0:54 ";" 0:30 ";" 0:27 ";" 0:02 ";" .    ";" 0:01 ";" 0:00 ";" 0:00 ";" 1:09 ";" 5:35 ";" 0:17 ";" 0:12 ";" 0:06 ";" 1:30 ";" 0:18 ";" 0:03 ";" .    ";" 0:19 ";" 0:15 ";" .    ";" 0:07 ";" 0:29 ";" 0:06 ";" 0:02 ";" 0:01 ";" 0:04 ";" 5:08 ";" 0:23 ";" 1:43 ";" 1:18 ";" 0:03 ";" 0:21 ";" 0:17 ";" 0:06 ";" 0:09 ";" 0:25 ";" 0:24 ";" 0:20 ";"     100";"     100";"      92";"      87";"      29";"      27";"       3";"       .";"       1";"       0";"       0";"      72";"      63";"       7";"       5";"       3";"      67";"      25";"       3";"       .";"      33";"      31";"       .";"      11";"      18";"       5";"       2";"       1";"       3";"      97";"      16";"      70";"      42";"       3";"      13";"      22";"       6";"       4";"      21";"      26";"      22"
"39";"1";"4";"2003JJ00";"9:29 ";" 8:01 ";" 0:31 ";" 0:57 ";" 0:36 ";" 0:33 ";" 0:02 ";" .    ";" 0:01 ";" 0:00 ";" 0:00 ";" 1:07 ";" 5:12 ";" 0:11 ";" 0:07 ";" 0:04 ";" 1:43 ";" 0:21 ";" 0:03 ";" .    ";" 0:21 ";" 0:15 ";" .    ";" 0:09 ";" 0:34 ";" 0:10 ";" 0:02 ";" 0:03 ";" 0:05 ";" 5:11 ";" 0:22 ";" 1:38 ";" 1:14 ";" 0:04 ";" 0:23 ";" 0:16 ";" 0:06 ";" 0:10 ";" 0:34 ";" 0:25 ";" 0:21 ";"     100";"     100";"      90";"      88";"      31";"      30";"       3";"       .";"       1";"       0";"       0";"      74";"      62";"       5";"       3";"       3";"      69";"      25";"       4";"       .";"      30";"      33";"       .";"      14";"      19";"       5";"       1";"       1";"       3";"      98";"      16";"      72";"      41";"       3";"      12";"      22";"       7";"       5";"      24";"      25";"      17"
"40";"1";"5";"1997JJ00";"10:24";" 8:09 ";" 0:39 ";" 1:36 ";" 0:15 ";" 0:06 ";" 0:01 ";" 0:01 ";" 0:02 ";" 0:02 ";" 0:02 ";" 0:49 ";" 3:20 ";" 0:12 ";" 0:06 ";" 0:06 ";" 1:55 ";" 0:27 ";" 0:04 ";" 0:17 ";" .    ";" .    ";" 0:04 ";" 0:13 ";" 0:49 ";" 0:19 ";" 0:04 ";" 0:06 ";" 0:09 ";" 6:06 ";" 0:17 ";" 2:20 ";" 1:12 ";" .    ";" 0:14 ";" 0:40 ";" 0:16 ";" 0:05 ";" 0:21 ";" 0:41 ";" 0:41 ";"     100";"     100";"      93";"      96";"      17";"       8";"       2";"       1";"       3";"       2";"       3";"      55";"      43";"       5";"       2";"       4";"      64";"      27";"       5";"      24";"       .";"       .";"       5";"      17";"      26";"      11";"       3";"       3";"       5";"      97";"      11";"      76";"      38";"       .";"      11";"      40";"      13";"       4";"      13";"      35";"      33"
"41";"1";"5";"1999JJ00";"9:55 ";" 8:08 ";" 0:36 ";" 1:11 ";" 0:16 ";" 0:08 ";" 0:03 ";" .    ";" -    ";" 0:01 ";" 0:02 ";" 0:59 ";" 3:30 ";" 0:05 ";" 0:02 ";" 0:02 ";" 2:21 ";" 0:25 ";" 0:04 ";" .    ";" 0:25 ";" 0:16 ";" .    ";" 0:15 ";" 0:55 ";" 0:17 ";" 0:04 ";" 0:03 ";" 0:10 ";" 6:02 ";" 0:19 ";" 2:09 ";" 1:09 ";" 0:03 ";" 0:14 ";" 0:42 ";" 0:20 ";" 0:08 ";" 0:29 ";" 0:28 ";" 0:36 ";"     100";"      99";"      89";"      88";"      34";"      30";"       3";"       .";"       1";"       1";"       4";"      69";"      59";"       9";"       4";"       6";"      66";"      24";"       4";"       .";"      31";"      30";"       .";"      12";"      19";"       4";"       1";"       1";"       2";"      97";"      14";"      73";"      40";"       3";"      12";"      23";"       8";"       6";"      18";"      27";"      25"
"42";"1";"5";"2001JJ00";"9:59 ";" 8:17 ";" 0:34 ";" 1:08 ";" 0:17 ";" 0:10 ";" 0:03 ";" .    ";" 0:01 ";" 0:02 ";" 0:00 ";" 1:00 ";" 3:39 ";" 0:07 ";" 0:05 ";" 0:03 ";" 2:12 ";" 0:24 ";" 0:04 ";" .    ";" 0:26 ";" 0:16 ";" .    ";" 0:11 ";" 0:51 ";" 0:20 ";" 0:04 ";" 0:04 ";" 0:11 ";" 5:59 ";" 0:20 ";" 2:06 ";" 1:14 ";" 0:04 ";" 0:14 ";" 0:36 ";" 0:16 ";" 0:10 ";" 0:31 ";" 0:28 ";" 0:27 ";"     100";"     100";"      92";"      93";"      14";"      10";"       2";"       .";"       2";"       1";"       0";"      58";"      44";"       4";"       2";"       2";"      73";"      28";"       5";"       .";"      33";"      28";"       .";"      17";"      27";"      11";"       3";"       3";"       7";"      98";"      13";"      78";"      42";"       3";"      11";"      39";"      13";"       5";"      21";"      27";"      27"
"43";"1";"5";"2003JJ00";"9:38 ";" 7:58 ";" 0:33 ";" 1:07 ";" 0:11 ";" 0:07 ";" 0:02 ";" .    ";" 0:00 ";" 0:01 ";" 0:00 ";" 1:02 ";" 3:43 ";" 0:06 ";" 0:05 ";" 0:01 ";" 2:14 ";" 0:26 ";" 0:05 ";" .    ";" 0:28 ";" 0:16 ";" .    ";" 0:15 ";" 0:44 ";" 0:17 ";" 0:03 ";" 0:06 ";" 0:08 ";" 6:22 ";" 0:20 ";" 2:09 ";" 1:19 ";" 0:05 ";" 0:14 ";" 0:37 ";" 0:16 ";" 0:08 ";" 0:36 ";" 0:38 ";" 0:28 ";"     100";"     100";"      92";"      95";"      12";"       8";"       1";"       .";"       1";"       1";"       1";"      63";"      48";"       3";"       2";"       1";"      75";"      30";"       5";"       .";"      36";"      32";"       .";"      20";"      26";"       8";"       2";"       3";"       4";"      99";"      15";"      74";"      44";"       4";"      11";"      39";"      14";"       5";"      26";"      33";"      23"
"44";"1";"6";"1997JJ00";"12:05";" 9:11 ";" 0:44 ";" 2:10 ";" 0:12 ";" 0:03 ";" 0:04 ";" 0:01 ";" 0:03 ";" 0:01 ";" 0:00 ";" 0:31 ";" 0:15 ";" 0:04 ";" 0:01 ";" 0:03 ";" 1:58 ";" 0:32 ";" 0:02 ";" 0:26 ";" .    ";" .    ";" 0:07 ";" 0:12 ";" 0:40 ";" 0:18 ";" 0:06 ";" 0:04 ";" 0:08 ";" 7:58 ";" 0:05 ";" 3:01 ";" 1:37 ";" .    ";" 0:10 ";" 1:11 ";" 0:25 ";" 0:07 ";" 0:28 ";" 0:54 ";" 0:38 ";"     100";"     100";"      94";"      98";"      15";"       6";"       2";"       1";"       5";"       1";"       0";"      37";"       5";"       4";"       2";"       3";"      70";"      35";"       4";"      35";"       .";"       .";"      11";"      13";"      26";"      11";"       4";"       3";"       5";"      98";"       7";"      86";"      46";"       .";"       8";"      57";"      21";"       6";"      21";"      42";"      31"
"45";"1";"6";"1999JJ00";"10:51";" 8:38 ";" 0:41 ";" 1:31 ";" 0:10 ";" 0:02 ";" 0:03 ";" .    ";" -    ";" 0:01 ";" 0:03 ";" 0:28 ";" 0:11 ";" 0:05 ";" 0:00 ";" 0:04 ";" 2:58 ";" 0:32 ";" 0:08 ";" .    ";" 0:53 ";" 0:26 ";" .    ";" 0:12 ";" 0:48 ";" 0:28 ";" 0:06 ";" 0:05 ";" 0:16 ";" 8:06 ";" 0:17 ";" 2:55 ";" 1:41 ";" 0:04 ";" 0:09 ";" 1:11 ";" 0:19 ";" 0:06 ";" 0:39 ";" 0:46 ";" 0:43 ";"     100";"     100";"      94";"      97";"      12";"       4";"       3";"       .";"       3";"       1";"       3";"      35";"       3";"       4";"       0";"       3";"      85";"      42";"       8";"       .";"      56";"      38";"       .";"      18";"      31";"      13";"       3";"       3";"       6";"      99";"      12";"      84";"      45";"       6";"       8";"      57";"      18";"       5";"      26";"      40";"      37"
"46";"1";"6";"2001JJ00";"10:56";" 8:48 ";" 0:38 ";" 1:30 ";" 0:14 ";" 0:04 ";" 0:02 ";" .    ";" 0:02 ";" 0:03 ";" 0:03 ";" 0:25 ";" 0:10 ";" 0:05 ";" 0:03 ";" 0:03 ";" 2:38 ";" 0:39 ";" 0:06 ";" .    ";" 0:40 ";" 0:23 ";" .    ";" 0:11 ";" 0:40 ";" 0:24 ";" 0:07 ";" 0:08 ";" 0:09 ";" 8:29 ";" 0:18 ";" 2:57 ";" 1:48 ";" 0:02 ";" 0:08 ";" 1:20 ";" 0:23 ";" 0:06 ";" 0:41 ";" 0:45 ";" 0:40 ";"     100";"     100";"      94";"      98";"      10";"       5";"       2";"       .";"       2";"       2";"       2";"      33";"       4";"       3";"       2";"       2";"      84";"      41";"       8";"       .";"      49";"      35";"       .";"      13";"      29";"      12";"       4";"       4";"       5";"      99";"      13";"      86";"      52";"       3";"       7";"      59";"      23";"       6";"      26";"      37";"      33"
"47";"1";"6";"2003JJ00";"11:13";" 8:58 ";" 0:41 ";" 1:34 ";" 0:06 ";" 0:02 ";" 0:02 ";" .    ";" 0:02 ";" 0:00 ";" .    ";" 0:36 ";" 0:11 ";" 0:04 ";" 0:01 ";" 0:03 ";" 2:34 ";" 0:33 ";" 0:04 ";" .    ";" 0:39 ";" 0:18 ";" .    ";" 0:10 ";" 0:49 ";" 0:17 ";" 0:05 ";" 0:05 ";" 0:07 ";" 8:29 ";" 0:17 ";" 3:10 ";" 1:32 ";" 0:04 ";" 0:07 ";" 1:11 ";" 0:30 ";" 0:07 ";" 0:43 ";" 0:46 ";" 0:30 ";"     100";"     100";"      96";"      99";"       8";"       4";"       2";"       .";"       2";"       0";"       0";"      39";"       4";"       3";"       1";"       2";"      83";"      37";"       6";"       .";"      49";"      34";"       .";"      11";"      28";"      10";"       4";"       4";"       4";"     100";"      11";"      87";"      50";"       3";"       8";"      57";"      24";"       5";"      27";"      42";"      26"
"48";"2";"1";"1997JJ00";"11:18";" 8:39 ";" 0:46 ";" 1:53 ";" 0:48 ";" 0:28 ";" 0:05 ";" 0:04 ";" 0:06 ";" 0:02 ";" 0:02 ";" 0:45 ";" 1:32 ";" 0:35 ";" 0:25 ";" 0:11 ";" 2:18 ";" 0:37 ";" 0:06 ";" 0:53 ";" .    ";" .    ";" 0:23 ";" 0:08 ";" 0:12 ";" 0:08 ";" 0:02 ";" 0:03 ";" 0:03 ";" 5:59 ";" 0:13 ";" 1:53 ";" 1:43 ";" .    ";" 0:19 ";" 0:35 ";" 0:12 ";" 0:08 ";" 0:18 ";" 0:38 ";" 0:36 ";"     100";"     100";"      92";"      96";"      31";"      21";"       4";"       4";"       6";"       2";"       3";"      56";"      24";"      13";"       9";"       8";"      79";"      41";"       7";"      52";"       .";"       .";"      28";"      14";"      11";"       5";"       2";"       2";"       2";"      98";"      11";"      71";"      55";"       .";"      12";"      36";"      11";"       5";"      13";"      35";"      33"
"49";"2";"1";"1999JJ00";"10:30";" 8:45 ";" 0:40 ";" 1:05 ";" 0:41 ";" 0:27 ";" 0:05 ";" .    ";" 0:02 ";" 0:03 ";" 0:04 ";" 0:45 ";" 1:47 ";" 0:28 ";" 0:18 ";" 0:10 ";" 3:18 ";" 0:38 ";" 0:06 ";" .    ";" 1:26 ";" 0:42 ";" .    ";" 0:11 ";" 0:16 ";" 0:09 ";" 0:03 ";" 0:03 ";" 0:03 ";" 5:47 ";" 0:11 ";" 1:57 ";" 1:32 ";" 0:05 ";" 0:15 ";" 0:36 ";" 0:10 ";" 0:06 ";" 0:25 ";" 0:31 ";" 0:33 ";"     100";"     100";"      91";"      90";"      31";"      22";"       4";"       .";"       3";"       2";"       5";"      53";"      27";"      11";"       7";"       7";"      88";"      43";"       7";"       .";"      68";"      61";"       .";"      13";"      19";"       6";"       2";"       2";"       2";"      97";"      10";"      73";"      51";"       4";"       9";"      36";"      10";"       4";"      20";"      31";"      31"
"50";"2";"1";"2001JJ00";"10:31";" 8:39 ";" 0:42 ";" 1:10 ";" 0:38 ";" 0:28 ";" 0:04 ";" .    ";" 0:02 ";" 0:02 ";" 0:02 ";" 0:48 ";" 1:54 ";" 0:34 ";" 0:25 ";" 0:09 ";" 3:08 ";" 0:37 ";" 0:05 ";" .    ";" 1:24 ";" 0:37 ";" .    ";" 0:09 ";" 0:16 ";" 0:09 ";" 0:03 ";" 0:04 ";" 0:02 ";" 5:49 ";" 0:16 ";" 1:51 ";" 1:30 ";" 0:04 ";" 0:17 ";" 0:34 ";" 0:09 ";" 0:08 ";" 0:29 ";" 0:31 ";" 0:29 ";"     100";"     100";"      92";"      92";"      28";"      23";"       4";"       .";"       2";"       2";"       1";"      56";"      29";"      13";"       9";"       7";"      85";"      41";"       7";"       .";"      66";"      56";"       .";"      16";"      12";"       6";"       2";"       2";"       2";"      98";"      14";"      74";"      54";"       4";"      11";"      35";"       9";"       5";"      22";"      30";"      29"
"51";"2";"1";"2003JJ00";"10:32";" 8:45 ";" 0:39 ";" 1:08 ";" 0:34 ";" 0:25 ";" 0:04 ";" .    ";" 0:02 ";" 0:02 ";" 0:02 ";" 0:50 ";" 1:53 ";" 0:32 ";" 0:23 ";" 0:09 ";" 3:05 ";" 0:39 ";" 0:06 ";" .    ";" 1:20 ";" 0:38 ";" .    ";" 0:10 ";" 0:12 ";" 0:08 ";" 0:02 ";" 0:04 ";" 0:02 ";" 6:01 ";" 0:13 ";" 1:55 ";" 1:38 ";" 0:04 ";" 0:13 ";" 0:35 ";" 0:11 ";" 0:08 ";" 0:31 ";" 0:34 ";" 0:24 ";"     100";"     100";"      92";"      93";"      26";"      21";"       4";"       .";"       2";"       1";"       1";"      59";"      28";"      12";"       8";"       8";"      87";"      42";"       7";"       .";"      66";"      60";"       .";"      17";"      11";"       5";"       2";"       2";"       2";"      99";"      12";"      74";"      56";"       4";"       8";"      36";"      11";"       5";"      24";"      34";"      23"
"52";"2";"2";"1997JJ00";"11:21";" 9:27 ";" 0:45 ";" 1:09 ";" 0:11 ";" 0:04 ";" 0:04 ";" 0:01 ";" 0:00 ";" 0:00 ";" 0:01 ";" 0:49 ";" 0:31 ";" 3:49 ";" 2:59 ";" 0:49 ";" 0:49 ";" 0:25 ";" 0:02 ";" 0:11 ";" .    ";" .    ";" 0:02 ";" 0:06 ";" 0:03 ";" 0:06 ";" 0:00 ";" 0:01 ";" 0:05 ";" 5:56 ";" 0:27 ";" 1:59 ";" 1:36 ";" .    ";" 0:24 ";" 0:18 ";" 0:09 ";" 0:09 ";" 0:17 ";" 0:37 ";" 0:30 ";"     100";"     100";"      97";"      98";"      14";"       6";"       4";"       1";"       2";"       0";"       2";"      71";"      13";"      64";"      54";"      42";"      51";"      23";"       3";"      20";"       .";"       .";"       6";"      13";"       2";"       4";"       1";"       0";"       3";"      99";"      22";"      76";"      50";"       .";"      16";"      24";"       8";"       7";"      15";"      37";"      31"
"53";"2";"2";"1999JJ00";"11:18";" 9:38 ";" 0:42 ";" 0:57 ";" 0:17 ";" 0:05 ";" 0:07 ";" .    ";" 0:02 ";" 0:02 ";" 0:01 ";" 1:05 ";" 0:53 ";" 2:48 ";" 2:02 ";" 0:46 ";" 1:01 ";" 0:24 ";" 0:03 ";" .    ";" 0:13 ";" 0:10 ";" .    ";" 0:09 ";" 0:03 ";" 0:01 ";" -    ";" 0:00 ";" 0:01 ";" 5:57 ";" 0:19 ";" 2:07 ";" 1:32 ";" 0:05 ";" 0:17 ";" 0:19 ";" 0:07 ";" 0:09 ";" 0:30 ";" 0:32 ";" 0:40 ";"     100";"     100";"      95";"      93";"      13";"       5";"       5";"       .";"       1";"       1";"       3";"      69";"      18";"      55";"      38";"      37";"      58";"      26";"       2";"       .";"      25";"      17";"       .";"      13";"       2";"       1";"       0";"       0";"       1";"      99";"      17";"      80";"      53";"       4";"      10";"      23";"       7";"       4";"      27";"      33";"      35"
"54";"2";"2";"2001JJ00";"11:16";" 9:28 ";" 0:46 ";" 1:02 ";" 0:07 ";" 0:03 ";" 0:03 ";" .    ";" 0:01 ";" -    ";" 0:00 ";" 0:59 ";" 0:48 ";" 3:19 ";" 2:30 ";" 0:49 ";" 0:54 ";" 0:26 ";" 0:04 ";" .    ";" 0:11 ";" 0:06 ";" .    ";" 0:02 ";" 0:04 ";" 0:04 ";" 0:01 ";" 0:02 ";" 0:01 ";" 6:08 ";" 0:34 ";" 2:03 ";" 1:37 ";" 0:02 ";" 0:25 ";" 0:16 ";" 0:06 ";" 0:09 ";" 0:30 ";" 0:27 ";" 0:26 ";"     100";"     100";"      96";"      96";"       9";"       4";"       2";"       .";"       2";"       0";"       0";"      75";"      17";"      58";"      48";"      41";"      53";"      22";"       6";"       .";"      22";"      14";"       .";"       8";"       5";"       3";"       0";"       1";"       2";"      98";"      25";"      78";"      54";"       3";"      14";"      18";"       7";"       5";"      29";"      32";"      28"
"55";"2";"2";"2003JJ00";"11:32";" 9:47 ";" 0:43 ";" 1:03 ";" 0:07 ";" 0:01 ";" 0:05 ";" .    ";" 0:01 ";" 0:01 ";" 0:00 ";" 0:57 ";" 0:40 ";" 3:25 ";" 2:35 ";" 0:50 ";" 0:57 ";" 0:23 ";" 0:06 ";" .    ";" 0:14 ";" 0:06 ";" .    ";" 0:07 ";" 0:02 ";" 0:03 ";" 0:00 ";" 0:02 ";" 0:01 ";" 5:54 ";" 0:28 ";" 1:51 ";" 1:31 ";" 0:05 ";" 0:13 ";" 0:13 ";" 0:09 ";" 0:12 ";" 0:45 ";" 0:27 ";" 0:25 ";"     100";"     100";"      97";"      95";"       7";"       3";"       3";"       .";"       1";"       0";"       0";"      74";"      14";"      60";"      47";"      44";"      55";"      20";"       5";"       .";"      29";"      15";"       .";"      14";"       3";"       2";"       0";"       1";"       1";"      99";"      19";"      79";"      53";"       4";"       7";"      21";"       8";"       6";"      38";"      35";"      23"
"56";"2";"3";"1997JJ00";"10:53";" 8:49 ";" 0:48 ";" 1:16 ";" 0:10 ";" 0:05 ";" 0:02 ";" -    ";" 0:00 ";" 0:01 ";" 0:03 ";" 1:06 ";" 2:59 ";" 1:31 ";" 0:54 ";" 0:37 ";" 1:22 ";" 0:34 ";" 0:03 ";" 0:26 ";" .    ";" .    ";" 0:06 ";" 0:07 ";" 0:07 ";" 0:04 ";" 0:01 ";" -    ";" 0:03 ";" 5:19 ";" 0:14 ";" 1:34 ";" 1:45 ";" .    ";" 0:36 ";" 0:15 ";" 0:05 ";" 0:06 ";" 0:14 ";" 0:31 ";" 0:37 ";"     100";"     100";"      95";"      94";"      10";"       5";"       2";"       0";"       0";"       1";"       2";"      71";"      40";"      32";"      19";"      20";"      65";"      37";"       4";"      37";"       .";"       .";"      12";"      14";"       7";"       2";"       1";"       0";"       1";"      98";"      13";"      69";"      59";"       .";"      20";"      21";"       7";"       4";"      10";"      32";"      29"
"57";"2";"3";"1999JJ00";"10:42";" 9:05 ";" 0:49 ";" 0:49 ";" 0:12 ";" 0:06 ";" 0:03 ";" .    ";" 0:00 ";" -    ";" 0:03 ";" 1:02 ";" 2:44 ";" 1:26 ";" 0:48 ";" 0:38 ";" 1:52 ";" 0:34 ";" 0:03 ";" .    ";" 0:36 ";" 0:21 ";" .    ";" 0:08 ";" 0:11 ";" 0:03 ";" 0:00 ";" 0:02 ";" 0:01 ";" 5:28 ";" 0:17 ";" 1:57 ";" 1:30 ";" 0:05 ";" 0:32 ";" 0:16 ";" 0:06 ";" 0:05 ";" 0:12 ";" 0:29 ";" 0:30 ";"     100";"     100";"      95";"      88";"      12";"       6";"       2";"       .";"       1";"       0";"       4";"      70";"      38";"      29";"      17";"      18";"      77";"      40";"       4";"       .";"      50";"      42";"       .";"      15";"       7";"       2";"       0";"       1";"       1";"      95";"      13";"      77";"      52";"       4";"      19";"      19";"       6";"       3";"      14";"      29";"      30"
"58";"2";"3";"2001JJ00";"10:36";" 8:56 ";" 0:46 ";" 0:54 ";" 0:10 ";" 0:05 ";" 0:02 ";" .    ";" 0:00 ";" 0:00 ";" 0:03 ";" 0:58 ";" 3:05 ";" 1:38 ";" 1:07 ";" 0:30 ";" 1:29 ";" 0:29 ";" 0:02 ";" .    ";" 0:32 ";" 0:17 ";" .    ";" 0:03 ";" 0:06 ";" 0:04 ";" 0:01 ";" 0:02 ";" 0:02 ";" 5:39 ";" 0:17 ";" 1:47 ";" 1:39 ";" 0:04 ";" 0:35 ";" 0:16 ";" 0:08 ";" 0:09 ";" 0:15 ";" 0:28 ";" 0:22 ";"     100";"     100";"      91";"      88";"      10";"       6";"       3";"       .";"       0";"       0";"       1";"      69";"      41";"      33";"      25";"      18";"      69";"      32";"       3";"       .";"      39";"      33";"       .";"       9";"       4";"       3";"       1";"       1";"       1";"      99";"      14";"      72";"      57";"       3";"      15";"      21";"       5";"       4";"      13";"      27";"      22"
"59";"2";"3";"2003JJ00";"10:34";" 8:57 ";" 0:44 ";" 0:53 ";" 0:13 ";" 0:11 ";" 0:01 ";" .    ";" 0:00 ";" .    ";" 0:00 ";" 1:18 ";" 3:07 ";" 1:19 ";" 0:51 ";" 0:28 ";" 1:43 ";" 0:33 ";" 0:06 ";" .    ";" 0:38 ";" 0:17 ";" .    ";" 0:05 ";" 0:04 ";" 0:06 ";" 0:01 ";" 0:00 ";" 0:05 ";" 5:16 ";" 0:18 ";" 1:28 ";" 1:37 ";" 0:07 ";" 0:32 ";" 0:13 ";" 0:04 ";" 0:08 ";" 0:27 ";" 0:21 ";" 0:25 ";"     100";"     100";"      95";"      89";"      10";"       7";"       1";"       .";"       0";"       0";"       1";"      75";"      44";"      29";"      19";"      18";"      72";"      40";"       5";"       .";"      44";"      38";"       .";"      10";"       4";"       3";"       1";"       0";"       2";"      98";"      15";"      66";"      56";"       5";"      17";"      17";"       7";"       6";"      21";"      27";"      23"
"60";"2";"4";"1997JJ00";"10:49";" 8:20 ";" 0:44 ";" 1:44 ";" 1:28 ";" 1:04 ";" 0:06 ";" 0:08 ";" 0:06 ";" 0:02 ";" 0:02 ";" 0:48 ";" 2:19 ";" 0:14 ";" 0:09 ";" 0:06 ";" 2:28 ";" 0:37 ";" 0:06 ";" 0:58 ";" .    ";" .    ";" 0:26 ";" 0:09 ";" 0:12 ";" 0:07 ";" 0:01 ";" 0:03 ";" 0:03 ";" 5:12 ";" 0:12 ";" 1:36 ";" 1:41 ";" .    ";" 0:17 ";" 0:25 ";" 0:10 ";" 0:09 ";" 0:10 ";" 0:32 ";" 0:35 ";"     100";"     100";"      90";"      94";"      52";"      45";"       6";"       8";"       7";"       2";"       3";"      62";"      34";"       7";"       4";"       4";"      84";"      46";"       8";"      56";"       .";"       .";"      35";"      17";"      13";"       5";"       1";"       2";"       2";"      97";"      11";"      67";"      54";"       .";"      10";"      30";"      11";"       6";"      11";"      33";"      31"
"61";"2";"4";"1999JJ00";"9:55 ";" 8:22 ";" 0:38 ";" 0:55 ";" 1:16 ";" 1:03 ";" 0:06 ";" .    ";" 0:02 ";" 0:01 ";" 0:04 ";" 0:53 ";" 2:54 ";" 0:11 ";" 0:06 ";" 0:05 ";" 3:19 ";" 0:35 ";" 0:06 ";" .    ";" 1:31 ";" 0:41 ";" .    ";" 0:12 ";" 0:14 ";" 0:10 ";" 0:01 ";" 0:05 ";" 0:04 ";" 4:52 ";" 0:11 ";" 1:33 ";" 1:25 ";" 0:04 ";" 0:17 ";" 0:25 ";" 0:10 ";" 0:06 ";" 0:17 ";" 0:23 ";" 0:30 ";"     100";"     100";"      90";"      85";"      52";"      48";"       6";"       .";"       2";"       1";"       4";"      63";"      43";"       6";"       3";"       4";"      91";"      45";"       8";"       .";"      70";"      65";"       .";"      22";"      13";"       6";"       1";"       3";"       2";"      97";"      11";"      69";"      51";"       3";"      10";"      32";"      10";"       3";"      16";"      29";"      29"
"62";"2";"4";"2001JJ00";"10:04";" 8:25 ";" 0:37 ";" 1:02 ";" 1:16 ";" 1:07 ";" 0:04 ";" .    ";" 0:03 ";" 0:02 ";" 0:01 ";" 0:56 ";" 3:02 ";" 0:14 ";" 0:12 ";" 0:03 ";" 3:16 ";" 0:39 ";" 0:06 ";" .    ";" 1:28 ";" 0:35 ";" .    ";" 0:11 ";" 0:17 ";" 0:09 ";" 0:02 ";" 0:04 ";" 0:03 ";" 4:40 ";" 0:14 ";" 1:32 ";" 1:15 ";" 0:04 ";" 0:15 ";" 0:22 ";" 0:06 ";" 0:06 ";" 0:20 ";" 0:25 ";" 0:23 ";"     100";"     100";"      89";"      89";"      52";"      50";"       6";"       .";"       3";"       2";"       1";"      65";"      44";"       8";"       5";"       3";"      89";"      45";"       7";"       .";"      71";"      59";"       .";"      20";"      13";"       6";"       1";"       3";"       2";"      98";"      13";"      73";"      50";"       4";"       9";"      29";"       7";"       4";"      18";"      27";"      28"
"63";"2";"4";"2003JJ00";"10:11";" 8:31 ";" 0:36 ";" 1:03 ";" 1:09 ";" 1:01 ";" 0:05 ";" .    ";" 0:01 ";" 0:01 ";" 0:01 ";" 0:59 ";" 2:55 ";" 0:13 ";" 0:08 ";" 0:05 ";" 3:12 ";" 0:39 ";" 0:05 ";" .    ";" 1:25 ";" 0:38 ";" .    ";" 0:11 ";" 0:13 ";" 0:08 ";" 0:03 ";" 0:03 ";" 0:01 ";" 4:54 ";" 0:12 ";" 1:32 ";" 1:28 ";" 0:03 ";" 0:12 ";" 0:20 ";" 0:08 ";" 0:08 ";" 0:22 ";" 0:29 ";" 0:20 ";"     100";"     100";"      88";"      91";"      51";"      47";"       6";"       .";"       2";"       1";"       1";"      69";"      40";"       7";"       4";"       4";"      91";"      45";"       7";"       .";"      70";"      63";"       .";"      20";"      12";"       5";"       2";"       2";"       1";"      98";"      11";"      70";"      52";"       3";"       7";"      26";"       9";"       5";"      20";"      30";"      21"
"64";"2";"5";"1997JJ00";"11:33";" 8:36 ";" 0:45 ";" 2:11 ";" 0:38 ";" 0:10 ";" 0:06 ";" 0:03 ";" 0:10 ";" 0:05 ";" 0:04 ";" 0:42 ";" 1:09 ";" 0:06 ";" 0:03 ";" 0:03 ";" 2:49 ";" 0:42 ";" 0:07 ";" 1:01 ";" .    ";" .    ";" 0:32 ";" 0:09 ";" 0:17 ";" 0:11 ";" 0:03 ";" 0:04 ";" 0:04 ";" 6:13 ";" 0:12 ";" 1:54 ";" 1:38 ";" .    ";" 0:15 ";" 0:45 ";" 0:18 ";" 0:09 ";" 0:21 ";" 0:42 ";" 0:41 ";"     100";"     100";"      92";"      96";"      27";"       9";"       3";"       3";"      10";"       5";"       5";"      50";"      20";"       6";"       2";"       4";"      83";"      45";"       9";"      56";"       .";"       .";"      32";"      14";"      15";"       7";"       3";"       2";"       3";"      98";"      10";"      68";"      53";"       .";"      12";"      42";"      13";"       6";"      13";"      35";"      34"
"65";"2";"5";"1999JJ00";"10:25";" 8:31 ";" 0:40 ";" 1:14 ";" 0:28 ";" 0:08 ";" 0:07 ";" .    ";" 0:03 ";" 0:06 ";" 0:05 ";" 0:37 ";" 1:18 ";" 0:05 ";" 0:02 ";" 0:03 ";" 4:12 ";" 0:47 ";" 0:07 ";" .    ";" 1:47 ";" 0:52 ";" .    ";" 0:15 ";" 0:24 ";" 0:14 ";" 0:07 ";" 0:04 ";" 0:04 ";" 6:03 ";" 0:09 ";" 1:50 ";" 1:37 ";" 0:05 ";" 0:10 ";" 0:47 ";" 0:15 ";" 0:06 ";" 0:29 ";" 0:35 ";" 0:37 ";"     100";"     100";"      90";"      92";"      24";"      10";"       5";"       .";"       4";"       5";"       6";"      46";"      20";"       5";"       2";"       3";"      93";"      48";"       7";"       .";"      77";"      69";"       .";"      23";"      18";"       9";"       4";"       3";"       2";"      98";"       8";"      70";"      52";"       4";"       7";"      44";"      12";"       4";"      20";"      31";"      32"
"66";"2";"5";"2001JJ00";"10:25";" 8:28 ";" 0:43 ";" 1:14 ";" 0:26 ";" 0:11 ";" 0:06 ";" .    ";" 0:03 ";" 0:03 ";" 0:03 ";" 0:44 ";" 1:33 ";" 0:08 ";" 0:05 ";" 0:02 ";" 4:02 ";" 0:47 ";" 0:05 ";" .    ";" 1:46 ";" 0:47 ";" .    ";" 0:13 ";" 0:23 ";" 0:11 ";" 0:05 ";" 0:04 ";" 0:03 ";" 5:58 ";" 0:16 ";" 1:47 ";" 1:35 ";" 0:05 ";" 0:15 ";" 0:40 ";" 0:12 ";" 0:07 ";" 0:30 ";" 0:31 ";" 0:34 ";"     100";"     100";"      94";"      93";"      20";"      12";"       4";"       .";"       3";"       3";"       1";"      50";"      25";"       5";"       3";"       2";"      92";"      49";"       7";"       .";"      74";"      65";"       .";"      20";"      17";"       7";"       2";"       3";"       3";"      98";"      14";"      69";"      55";"       5";"      12";"      39";"      12";"       6";"      21";"      32";"      33"
"67";"2";"5";"2003JJ00";"10:21";" 8:30 ";" 0:38 ";" 1:12 ";" 0:23 ";" 0:07 ";" 0:07 ";" .    ";" 0:03 ";" 0:04 ";" 0:03 ";" 0:42 ";" 1:45 ";" 0:06 ";" 0:04 ";" 0:02 ";" 3:43 ";" 0:45 ";" 0:06 ";" .    ";" 1:33 ";" 0:48 ";" .    ";" 0:14 ";" 0:16 ";" 0:13 ";" 0:03 ";" 0:07 ";" 0:03 ";" 6:21 ";" 0:11 ";" 1:57 ";" 1:47 ";" 0:06 ";" 0:11 ";" 0:44 ";" 0:12 ";" 0:08 ";" 0:31 ";" 0:34 ";" 0:27 ";"     100";"     100";"      93";"      93";"      19";"      10";"       5";"       .";"       3";"       3";"       2";"      53";"      27";"       4";"       2";"       2";"      93";"      48";"       8";"       .";"      72";"      69";"       .";"      20";"      15";"       7";"       2";"       3";"       2";"      99";"      12";"      75";"      60";"       5";"       9";"      46";"      13";"       5";"      23";"      36";"      25"
"68";"2";"6";"1997JJ00";"12:12";" 8:53 ";" 0:53 ";" 2:26 ";" 0:19 ";" 0:05 ";" 0:06 ";" 0:00 ";" 0:05 ";" 0:02 ";" 0:01 ";" 0:27 ";" 0:05 ";" 0:02 ";" 0:01 ";" 0:00 ";" 2:23 ";" 0:34 ";" 0:04 ";" 1:06 ";" .    ";" .    ";" 0:21 ";" 0:06 ";" 0:11 ";" 0:10 ";" 0:06 ";" 0:03 ";" 0:02 ";" 7:48 ";" 0:09 ";" 2:38 ";" 1:57 ";" .    ";" 0:18 ";" 1:04 ";" 0:14 ";" 0:05 ";" 0:34 ";" 0:49 ";" 0:35 ";"     100";"     100";"      95";"      98";"      14";"       5";"       3";"       1";"       5";"       1";"       1";"      36";"       3";"       2";"       2";"       0";"      83";"      38";"       5";"      63";"       .";"       .";"      26";"       9";"      11";"       6";"       3";"       2";"       1";"      99";"       9";"      81";"      58";"       .";"       9";"      54";"      15";"       3";"      20";"      39";"      36"
"69";"2";"6";"1999JJ00";"11:21";" 9:17 ";" 0:42 ";" 1:23 ";" 0:18 ";" 0:04 ";" 0:03 ";" .    ";" 0:03 ";" 0:03 ";" 0:05 ";" 0:24 ";" 0:03 ";" 0:03 ";" 0:03 ";" 0:01 ";" 3:40 ";" 0:35 ";" 0:05 ";" .    ";" 1:46 ";" 0:54 ";" .    ";" 0:04 ";" 0:14 ";" 0:07 ";" 0:04 ";" 0:02 ";" 0:01 ";" 7:27 ";" 0:06 ";" 2:54 ";" 1:41 ";" 0:05 ";" 0:07 ";" 1:03 ";" 0:07 ";" 0:05 ";" 0:39 ";" 0:40 ";" 0:35 ";"     100";"     100";"      92";"      96";"      14";"       4";"       2";"       .";"       4";"       2";"       5";"      27";"       2";"       2";"       1";"       1";"      91";"      39";"       7";"       .";"      77";"      70";"       .";"      10";"      11";"       5";"       3";"       1";"       1";"      99";"       8";"      83";"      51";"       4";"       5";"      51";"       9";"       5";"      27";"      33";"      35"
"70";"2";"6";"2001JJ00";"11:10";" 8:54 ";" 0:46 ";" 1:31 ";" 0:11 ";" 0:02 ";" 0:02 ";" .    ";" 0:02 ";" 0:03 ";" 0:02 ";" 0:26 ";" 0:04 ";" 0:02 ";" 0:00 ";" 0:01 ";" 3:25 ";" 0:29 ";" 0:06 ";" .    ";" 1:41 ";" 0:48 ";" .    ";" 0:06 ";" 0:14 ";" 0:09 ";" 0:03 ";" 0:04 ";" 0:02 ";" 7:54 ";" 0:12 ";" 2:35 ";" 1:44 ";" 0:03 ";" 0:12 ";" 1:09 ";" 0:13 ";" 0:11 ";" 0:51 ";" 0:44 ";" 0:39 ";"     100";"     100";"      94";"      96";"       9";"       3";"       2";"       .";"       2";"       2";"       1";"      31";"       1";"       1";"       0";"       1";"      91";"      36";"       8";"       .";"      78";"      71";"       .";"      10";"      12";"       7";"       2";"       3";"       2";"     100";"      11";"      83";"      58";"       5";"       9";"      54";"      13";"       7";"      33";"      33";"      31"
"71";"2";"6";"2003JJ00";"11:00";" 9:00 ";" 0:40 ";" 1:21 ";" 0:06 ";" 0:02 ";" 0:01 ";" .    ";" 0:01 ";" 0:01 ";" 0:02 ";" 0:29 ";" 0:03 ";" 0:04 ";" 0:04 ";" 0:00 ";" 3:33 ";" 0:39 ";" 0:05 ";" .    ";" 1:40 ";" 0:50 ";" .    ";" 0:08 ";" 0:12 ";" 0:07 ";" 0:02 ";" 0:02 ";" 0:03 ";" 8:10 ";" 0:10 ";" 2:53 ";" 1:46 ";" 0:05 ";" 0:08 ";" 1:11 ";" 0:16 ";" 0:05 ";" 0:41 ";" 0:54 ";" 0:28 ";"     100";"     100";"      95";"      96";"       8";"       3";"       1";"       .";"       1";"       1";"       2";"      35";"       2";"       2";"       2";"       0";"      94";"      41";"       7";"       .";"      78";"      74";"       .";"      13";"      12";"       4";"       1";"       1";"       2";"     100";"      10";"      84";"      57";"       5";"       7";"      55";"      14";"       4";"      28";"      43";"      24"
