"Time","Region Code","Region","Number of dwellings【number of dwelling units】","Annotation"
"1978","01000","Hokkaido","1744500",""
"1978","02000","Aomori-ken","411400",""
"1978","03000","Iwate-ken","384300",""
"1978","04000","Miyagi-ken","578700",""
"1978","05000","Akita-ken","338100",""
"1978","06000","Yamagata-ken","318000",""
"1978","07000","Fukushima-ken","539100",""
"1978","08000","Ibaraki-ken","664000",""
"1978","09000","Tochigi-ken","488000",""
"1978","10000","Gumma-ken","513900",""
"1978","11000","Saitama-ken","1554500",""
"1978","12000","Chiba-ken","1375500",""
"1978","13000","Tokyo-to","4239200",""
"1978","14000","Kanagawa-ken","2133500",""
"1978","15000","Niigata-ken","636100",""
"1978","16000","Toyama-ken","289800",""
"1978","17000","Ishikawa-ken","310700",""
"1978","18000","Fukui-ken","210600",""
"1978","19000","Yamanashi-ken","229600",""
"1978","20000","Nagano-ken","596900",""
"1978","21000","Gifu-ken","535300",""
"1978","22000","Shizuoka-ken","970300",""
"1978","23000","Aichi-ken","1842500",""
"1978","24000","Mie-ken","477300",""
"1978","25000","Shiga-ken","293500",""
"1978","26000","Kyoto-fu","788600",""
"1978","27000","Osaka-fu","2848800",""
"1978","28000","Hyogo-ken","1615300",""
"1978","29000","Nara-ken","331900",""
"1978","30000","Wakayama-ken","349400",""
"1978","31000","Tottori-ken","165300",""
"1978","32000","Shimane-ken","223500",""
"1978","33000","Okayama-ken","556500",""
"1978","34000","Hiroshima-ken","864600",""
"1978","35000","Yamaguchi-ken","497700",""
"1978","36000","Tokushima-ken","243700",""
"1978","37000","Kagawa-ken","300800",""
"1978","38000","Ehime-ken","477400",""
"1978","39000","Kochi-ken","278800",""
"1978","40000","Fukuoka-ken","1400800",""
"1978","41000","Saga-ken","221600",""
"1978","42000","Nagasaki-ken","459300",""
"1978","43000","Kumamoto-ken","507000",""
"1978","44000","Oita-ken","375500",""
"1978","45000","Miyazaki-ken","355800",""
"1978","46000","Kagoshima-ken","609400",""
"1978","47000","Okinawa-ken","303000",""
"1983","01000","Hokkaido","1923800",""
"1983","02000","Aomori-ken","444900",""
"1983","03000","Iwate-ken","413500",""
"1983","04000","Miyagi-ken","632700",""
"1983","05000","Akita-ken","353600",""
"1983","06000","Yamagata-ken","333900",""
"1983","07000","Fukushima-ken","578000",""
"1983","08000","Ibaraki-ken","763800",""
"1983","09000","Tochigi-ken","531200",""
"1983","10000","Gumma-ken","564400",""
"1983","11000","Saitama-ken","1754400",""
"1983","12000","Chiba-ken","1587800",""
"1983","13000","Tokyo-to","4528200",""
"1983","14000","Kanagawa-ken","2374200",""
"1983","15000","Niigata-ken","690900",""
"1983","16000","Toyama-ken","302100",""
"1983","17000","Ishikawa-ken","341400",""
"1983","18000","Fukui-ken","221800",""
"1983","19000","Yamanashi-ken","252700",""
"1983","20000","Nagano-ken","647400",""
"1983","21000","Gifu-ken","577600",""
"1983","22000","Shizuoka-ken","1050600",""
"1983","23000","Aichi-ken","1994100",""
"1983","24000","Mie-ken","518300",""
"1983","25000","Shiga-ken","321800",""
"1983","26000","Kyoto-fu","885800",""
"1983","27000","Osaka-fu","3053700",""
"1983","28000","Hyogo-ken","1738100",""
"1983","29000","Nara-ken","374300",""
"1983","30000","Wakayama-ken","364300",""
"1983","31000","Tottori-ken","180200",""
"1983","32000","Shimane-ken","233300",""
"1983","33000","Okayama-ken","594600",""
"1983","34000","Hiroshima-ken","935400",""
"1983","35000","Yamaguchi-ken","532400",""
"1983","36000","Tokushima-ken","263700",""
"1983","37000","Kagawa-ken","320400",""
"1983","38000","Ehime-ken","512500",""
"1983","39000","Kochi-ken","299000",""
"1983","40000","Fukuoka-ken","1545300",""
"1983","41000","Saga-ken","237900",""
"1983","42000","Nagasaki-ken","495600",""
"1983","43000","Kumamoto-ken","547700",""
"1983","44000","Oita-ken","399400",""
"1983","45000","Miyazaki-ken","387800",""
"1983","46000","Kagoshima-ken","664000",""
"1983","47000","Okinawa-ken","338200",""
"1988","01000","Hokkaido","2092500",""
"1988","02000","Aomori-ken","479400",""
"1988","03000","Iwate-ken","434900",""
"1988","04000","Miyagi-ken","700800",""
"1988","05000","Akita-ken","369400",""
"1988","06000","Yamagata-ken","345600",""
"1988","07000","Fukushima-ken","624700",""
"1988","08000","Ibaraki-ken","842200",""
"1988","09000","Tochigi-ken","583700",""
"1988","10000","Gumma-ken","619300",""
"1988","11000","Saitama-ken","2022100",""
"1988","12000","Chiba-ken","1776500",""
"1988","13000","Tokyo-to","4817600",""
"1988","14000","Kanagawa-ken","2702800",""
"1988","15000","Niigata-ken","726700",""
"1988","16000","Toyama-ken","317300",""
"1988","17000","Ishikawa-ken","368400",""
"1988","18000","Fukui-ken","237700",""
"1988","19000","Yamanashi-ken","277500",""
"1988","20000","Nagano-ken","697500",""
"1988","21000","Gifu-ken","617700",""
"1988","22000","Shizuoka-ken","1145300",""
"1988","23000","Aichi-ken","2181700",""
"1988","24000","Mie-ken","558500",""
"1988","25000","Shiga-ken","353300",""
"1988","26000","Kyoto-fu","959800",""
"1988","27000","Osaka-fu","3301600",""
"1988","28000","Hyogo-ken","1862700",""
"1988","29000","Nara-ken","418100",""
"1988","30000","Wakayama-ken","383400",""
"1988","31000","Tottori-ken","189800",""
"1988","32000","Shimane-ken","245800",""
"1988","33000","Okayama-ken","647300",""
"1988","34000","Hiroshima-ken","1015200",""
"1988","35000","Yamaguchi-ken","565800",""
"1988","36000","Tokushima-ken","279600",""
"1988","37000","Kagawa-ken","341700",""
"1988","38000","Ehime-ken","557000",""
"1988","39000","Kochi-ken","323500",""
"1988","40000","Fukuoka-ken","1683500",""
"1988","41000","Saga-ken","255800",""
"1988","42000","Nagasaki-ken","533000",""
"1988","43000","Kumamoto-ken","601200",""
"1988","44000","Oita-ken","430000",""
"1988","45000","Miyazaki-ken","412200",""
"1988","46000","Kagoshima-ken","718500",""
"1988","47000","Okinawa-ken","388700",""
"1993","01000","Hokkaido","2258800",""
"1993","02000","Aomori-ken","499300",""
"1993","03000","Iwate-ken","463400",""
"1993","04000","Miyagi-ken","791000",""
"1993","05000","Akita-ken","383400",""
"1993","06000","Yamagata-ken","360700",""
"1993","07000","Fukushima-ken","668100",""
"1993","08000","Ibaraki-ken","949300",""
"1993","09000","Tochigi-ken","657400",""
"1993","10000","Gumma-ken","688900",""
"1993","11000","Saitama-ken","2333000",""
"1993","12000","Chiba-ken","2048600",""
"1993","13000","Tokyo-to","5299500",""
"1993","14000","Kanagawa-ken","3073600",""
"1993","15000","Niigata-ken","777300",""
"1993","16000","Toyama-ken","349300",""
"1993","17000","Ishikawa-ken","400900",""
"1993","18000","Fukui-ken","250900",""
"1993","19000","Yamanashi-ken","313700",""
"1993","20000","Nagano-ken","749900",""
"1993","21000","Gifu-ken","671900",""
"1993","22000","Shizuoka-ken","1248000",""
"1993","23000","Aichi-ken","2414300",""
"1993","24000","Mie-ken","610300",""
"1993","25000","Shiga-ken","391900",""
"1993","26000","Kyoto-fu","1023000",""
"1993","27000","Osaka-fu","3497600",""
"1993","28000","Hyogo-ken","2019300",""
"1993","29000","Nara-ken","473100",""
"1993","30000","Wakayama-ken","400700",""
"1993","31000","Tottori-ken","201200",""
"1993","32000","Shimane-ken","254300",""
"1993","33000","Okayama-ken","692500",""
"1993","34000","Hiroshima-ken","1105600",""
"1993","35000","Yamaguchi-ken","593100",""
"1993","36000","Tokushima-ken","304100",""
"1993","37000","Kagawa-ken","364500",""
"1993","38000","Ehime-ken","592000",""
"1993","39000","Kochi-ken","337500",""
"1993","40000","Fukuoka-ken","1838600",""
"1993","41000","Saga-ken","269900",""
"1993","42000","Nagasaki-ken","544600",""
"1993","43000","Kumamoto-ken","641300",""
"1993","44000","Oita-ken","457900",""
"1993","45000","Miyazaki-ken","438600",""
"1993","46000","Kagoshima-ken","747500",""
"1993","47000","Okinawa-ken","428300",""
"1998","01000","Hokkaido","2433300",""
"1998","02000","Aomori-ken","534300",""
"1998","03000","Iwate-ken","502800",""
"1998","04000","Miyagi-ken","886100",""
"1998","05000","Akita-ken","413300",""
"1998","06000","Yamagata-ken","394200",""
"1998","07000","Fukushima-ken","728200",""
"1998","08000","Ibaraki-ken","1064800",""
"1998","09000","Tochigi-ken","725400",""
"1998","10000","Gumma-ken","756000",""
"1998","11000","Saitama-ken","2595800",""
"1998","12000","Chiba-ken","2321100",""
"1998","13000","Tokyo-to","5669500",""
"1998","14000","Kanagawa-ken","3409100",""
"1998","15000","Niigata-ken","843500",""
"1998","16000","Toyama-ken","379100",""
"1998","17000","Ishikawa-ken","441000",""
"1998","18000","Fukui-ken","274800",""
"1998","19000","Yamanashi-ken","353800",""
"1998","20000","Nagano-ken","850400",""
"1998","21000","Gifu-ken","741100",""
"1998","22000","Shizuoka-ken","1388100",""
"1998","23000","Aichi-ken","2681000",""
"1998","24000","Mie-ken","687000",""
"1998","25000","Shiga-ken","458700",""
"1998","26000","Kyoto-fu","1110900",""
"1998","27000","Osaka-fu","3852500",""
"1998","28000","Hyogo-ken","2214300",""
"1998","29000","Nara-ken","525800",""
"1998","30000","Wakayama-ken","431200",""
"1998","31000","Tottori-ken","214800",""
"1998","32000","Shimane-ken","277400",""
"1998","33000","Okayama-ken","759000",""
"1998","34000","Hiroshima-ken","1198300",""
"1998","35000","Yamaguchi-ken","633100",""
"1998","36000","Tokushima-ken","319500",""
"1998","37000","Kagawa-ken","405300",""
"1998","38000","Ehime-ken","621300",""
"1998","39000","Kochi-ken","347200",""
"1998","40000","Fukuoka-ken","2008700",""
"1998","41000","Saga-ken","299900",""
"1998","42000","Nagasaki-ken","586000",""
"1998","43000","Kumamoto-ken","687400",""
"1998","44000","Oita-ken","495600",""
"1998","45000","Miyazaki-ken","473700",""
"1998","46000","Kagoshima-ken","781600",""
"1998","47000","Okinawa-ken","470500",""
"2003","01000","Hokkaido","2572200",""
"2003","02000","Aomori-ken","559200",""
"2003","03000","Iwate-ken","527900",""
"2003","04000","Miyagi-ken","942300",""
"2003","05000","Akita-ken","428600",""
"2003","06000","Yamagata-ken","415000",""
"2003","07000","Fukushima-ken","781800",""
"2003","08000","Ibaraki-ken","1135900",""
"2003","09000","Tochigi-ken","769700",""
"2003","10000","Gumma-ken","798700",""
"2003","11000","Saitama-ken","2826600",""
"2003","12000","Chiba-ken","2526200",""
"2003","13000","Tokyo-to","6186000",""
"2003","14000","Kanagawa-ken","3752000",""
"2003","15000","Niigata-ken","888000",""
"2003","16000","Toyama-ken","407700",""
"2003","17000","Ishikawa-ken","470500",""
"2003","18000","Fukui-ken","293000",""
"2003","19000","Yamanashi-ken","380300",""
"2003","20000","Nagano-ken","890800",""
"2003","21000","Gifu-ken","782900",""
"2003","22000","Shizuoka-ken","1487300",""
"2003","23000","Aichi-ken","2898800",""
"2003","24000","Mie-ken","738700",""
"2003","25000","Shiga-ken","504100",""
"2003","26000","Kyoto-fu","1201100",""
"2003","27000","Osaka-fu","4130800",""
"2003","28000","Hyogo-ken","2380400",""
"2003","29000","Nara-ken","562200",""
"2003","30000","Wakayama-ken","459000",""
"2003","31000","Tottori-ken","231300",""
"2003","32000","Shimane-ken","283500",""
"2003","33000","Okayama-ken","803700",""
"2003","34000","Hiroshima-ken","1271800",""
"2003","35000","Yamaguchi-ken","654600",""
"2003","36000","Tokushima-ken","336300",""
"2003","37000","Kagawa-ken","421100",""
"2003","38000","Ehime-ken","650100",""
"2003","39000","Kochi-ken","373500",""
"2003","40000","Fukuoka-ken","2194500",""
"2003","41000","Saga-ken","303400",""
"2003","42000","Nagasaki-ken","603400",""
"2003","43000","Kumamoto-ken","729700",""
"2003","44000","Oita-ken","516500",""
"2003","45000","Miyazaki-ken","490400",""
"2003","46000","Kagoshima-ken","809700",""
"2003","47000","Okinawa-ken","519700",""
"2008","01000","Hokkaido","2730500",""
"2008","02000","Aomori-ken","580800",""
"2008","03000","Iwate-ken","549500",""
"2008","04000","Miyagi-ken","1013900",""
"2008","05000","Akita-ken","437400",""
"2008","06000","Yamagata-ken","432700",""
"2008","07000","Fukushima-ken","808200",""
"2008","08000","Ibaraki-ken","1223800",""
"2008","09000","Tochigi-ken","839900",""
"2008","10000","Gumma-ken","855800",""
"2008","11000","Saitama-ken","3029000",""
"2008","12000","Chiba-ken","2717700",""
"2008","13000","Tokyo-to","6780500",""
"2008","14000","Kanagawa-ken","4067800",""
"2008","15000","Niigata-ken","929700",""
"2008","16000","Toyama-ken","424300",""
"2008","17000","Ishikawa-ken","498000",""
"2008","18000","Fukui-ken","308700",""
"2008","19000","Yamanashi-ken","398300",""
"2008","20000","Nagano-ken","946300",""
"2008","21000","Gifu-ken","835700",""
"2008","22000","Shizuoka-ken","1597900",""
"2008","23000","Aichi-ken","3132900",""
"2008","24000","Mie-ken","791000",""
"2008","25000","Shiga-ken","567600",""
"2008","26000","Kyoto-fu","1270200",""
"2008","27000","Osaka-fu","4346000",""
"2008","28000","Hyogo-ken","2520700",""
"2008","29000","Nara-ken","592600",""
"2008","30000","Wakayama-ken","467900",""
"2008","31000","Tottori-ken","247200",""
"2008","32000","Shimane-ken","295800",""
"2008","33000","Okayama-ken","866600",""
"2008","34000","Hiroshima-ken","1356200",""
"2008","35000","Yamaguchi-ken","691600",""
"2008","36000","Tokushima-ken","355600",""
"2008","37000","Kagawa-ken","446400",""
"2008","38000","Ehime-ken","681100",""
"2008","39000","Kochi-ken","377700",""
"2008","40000","Fukuoka-ken","2374800",""
"2008","41000","Saga-ken","322900",""
"2008","42000","Nagasaki-ken","631100",""
"2008","43000","Kumamoto-ken","769500",""
"2008","44000","Oita-ken","546500",""
"2008","45000","Miyazaki-ken","509600",""
"2008","46000","Kagoshima-ken","851300",""
"2008","47000","Okinawa-ken","566500",""
"2013","01000","Hokkaido","2746600",""
"2013","02000","Aomori-ken","586300",""
"2013","03000","Iwate-ken","552100",""
"2013","04000","Miyagi-ken","1034100",""
"2013","05000","Akita-ken","446900",""
"2013","06000","Yamagata-ken","431900",""
"2013","07000","Fukushima-ken","782300",""
"2013","08000","Ibaraki-ken","1268200",""
"2013","09000","Tochigi-ken","879000",""
"2013","10000","Gumma-ken","902900",""
"2013","11000","Saitama-ken","3266300",""
"2013","12000","Chiba-ken","2896200",""
"2013","13000","Tokyo-to","7359400",""
"2013","14000","Kanagawa-ken","4350800",""
"2013","15000","Niigata-ken","972300",""
"2013","16000","Toyama-ken","439000",""
"2013","17000","Ishikawa-ken","520400",""
"2013","18000","Fukui-ken","309600",""
"2013","19000","Yamanashi-ken","422100",""
"2013","20000","Nagano-ken","982200",""
"2013","21000","Gifu-ken","878400",""
"2013","22000","Shizuoka-ken","1659300",""
"2013","23000","Aichi-ken","3439000",""
"2013","24000","Mie-ken","831200",""
"2013","25000","Shiga-ken","602500",""
"2013","26000","Kyoto-fu","1320300",""
"2013","27000","Osaka-fu","4586000",""
"2013","28000","Hyogo-ken","2733700",""
"2013","29000","Nara-ken","615000",""
"2013","30000","Wakayama-ken","475900",""
"2013","31000","Tottori-ken","250100",""
"2013","32000","Shimane-ken","304200",""
"2013","33000","Okayama-ken","885300",""
"2013","34000","Hiroshima-ken","1393500",""
"2013","35000","Yamaguchi-ken","706400",""
"2013","36000","Tokushima-ken","364900",""
"2013","37000","Kagawa-ken","470500",""
"2013","38000","Ehime-ken","705200",""
"2013","39000","Kochi-ken","392400",""
"2013","40000","Fukuoka-ken","2492700",""
"2013","41000","Saga-ken","338200",""
"2013","42000","Nagasaki-ken","660100",""
"2013","43000","Kumamoto-ken","804300",""
"2013","44000","Oita-ken","569500",""
"2013","45000","Miyazaki-ken","533900",""
"2013","46000","Kagoshima-ken","864700",""
"2013","47000","Okinawa-ken","602800",""
"2018","01000","Hokkaido","2807200",""
"2018","02000","Aomori-ken","592400",""
"2018","03000","Iwate-ken","579300",""
"2018","04000","Miyagi-ken","1089300",""
"2018","05000","Akita-ken","445700",""
"2018","06000","Yamagata-ken","449000",""
"2018","07000","Fukushima-ken","861300",""
"2018","08000","Ibaraki-ken","1328900",""
"2018","09000","Tochigi-ken","926700",""
"2018","10000","Gumma-ken","949000",""
"2018","11000","Saitama-ken","3384700",""
"2018","12000","Chiba-ken","3029800",""
"2018","13000","Tokyo-to","7671600",""
"2018","14000","Kanagawa-ken","4503500",""
"2018","15000","Niigata-ken","994500",""
"2018","16000","Toyama-ken","452600",""
"2018","17000","Ishikawa-ken","535800",""
"2018","18000","Fukui-ken","325400",""
"2018","19000","Yamanashi-ken","422000",""
"2018","20000","Nagano-ken","1007900",""
"2018","21000","Gifu-ken","893900",""
"2018","22000","Shizuoka-ken","1714700",""
"2018","23000","Aichi-ken","3481800",""
"2018","24000","Mie-ken","853700",""
"2018","25000","Shiga-ken","626000",""
"2018","26000","Kyoto-fu","1338300",""
"2018","27000","Osaka-fu","4680200",""
"2018","28000","Hyogo-ken","2680900",""
"2018","29000","Nara-ken","617600",""
"2018","30000","Wakayama-ken","485200",""
"2018","31000","Tottori-ken","256600",""
"2018","32000","Shimane-ken","314200",""
"2018","33000","Okayama-ken","916300",""
"2018","34000","Hiroshima-ken","1430700",""
"2018","35000","Yamaguchi-ken","719900",""
"2018","36000","Tokushima-ken","380700",""
"2018","37000","Kagawa-ken","487700",""
"2018","38000","Ehime-ken","714300",""
"2018","39000","Kochi-ken","391600",""
"2018","40000","Fukuoka-ken","2581200",""
"2018","41000","Saga-ken","352100",""
"2018","42000","Nagasaki-ken","659500",""
"2018","43000","Kumamoto-ken","813700",""
"2018","44000","Oita-ken","581800",""
"2018","45000","Miyazaki-ken","546400",""
"2018","46000","Kagoshima-ken","879400",""
"2018","47000","Okinawa-ken","652600",""
"2023","01000","Hokkaido","2888500",""
"2023","02000","Aomori-ken","590300",""
"2023","03000","Iwate-ken","579400",""
"2023","04000","Miyagi-ken","1129200",""
"2023","05000","Akita-ken","440600",""
"2023","06000","Yamagata-ken","455400",""
"2023","07000","Fukushima-ken","862900",""
"2023","08000","Ibaraki-ken","1390900",""
"2023","09000","Tochigi-ken","971000",""
"2023","10000","Gumma-ken","967400",""
"2023","11000","Saitama-ken","3555100",""
"2023","12000","Chiba-ken","3191100",""
"2023","13000","Tokyo-to","8201400",""
"2023","14000","Kanagawa-ken","4765000",""
"2023","15000","Niigata-ken","1015200",""
"2023","16000","Toyama-ken","473900",""
"2023","17000","Ishikawa-ken","554000",""
"2023","18000","Fukui-ken","341400",""
"2023","19000","Yamanashi-ken","427000",""
"2023","20000","Nagano-ken","1039600",""
"2023","21000","Gifu-ken","924100",""
"2023","22000","Shizuoka-ken","1774100",""
"2023","23000","Aichi-ken","3664700",""
"2023","24000","Mie-ken","873500",""
"2023","25000","Shiga-ken","664200",""
"2023","26000","Kyoto-fu","1372200",""
"2023","27000","Osaka-fu","4928600",""
"2023","28000","Hyogo-ken","2798000",""
"2023","29000","Nara-ken","639500",""
"2023","30000","Wakayama-ken","495600",""
"2023","31000","Tottori-ken","262300",""
"2023","32000","Shimane-ken","320300",""
"2023","33000","Okayama-ken","955400",""
"2023","34000","Hiroshima-ken","1465500",""
"2023","35000","Yamaguchi-ken","726400",""
"2023","36000","Tokushima-ken","389200",""
"2023","37000","Kagawa-ken","492800",""
"2023","38000","Ehime-ken","736800",""
"2023","39000","Kochi-ken","388100",""
"2023","40000","Fukuoka-ken","2703300",""
"2023","41000","Saga-ken","367900",""
"2023","42000","Nagasaki-ken","655000",""
"2023","43000","Kumamoto-ken","851100",""
"2023","44000","Oita-ken","603300",""
"2023","45000","Miyazaki-ken","556800",""
"2023","46000","Kagoshima-ken","899600",""
"2023","47000","Okinawa-ken","699400",""
