rank;title;artist;year
1000;24 Hours From Tulsa;Gene Pitney;1964
999;Summer Of '71;Bolland & Bolland;1972
998;Celluloid Heroes;Kinks;1973
997;Landslide;Fleetwood Mac;1975
996;Both Sides Now;Euson;1971
995;The Times They Are A-Changin';Bob Dylan;1965
994;Tom Traubert's Blues;Rod Stewart;1993
993;Together Again;Emmylou Harris;1976
992;Here, There And Everywhere;Beatles;1966
991;Running Up That Hill;Kate Bush;1985
990;Cowboys And Angels;George Michael;1991
989;Travelin' Band;Creedence Clearwater Revival;1970
988;Heart Of Stone;Rolling Stones;1965
987;Fool's Overture;Supertramp;1977
986;To My Father's House;Les Humphries Singers;1970
985;Auto Vliegtuug;Rowwen Hèze;1999
984;The Ballroom Blitz;Sweet;1973
983;Red Sails In The Sunset;Fats Domino;1963
982;Bird Of Paradise;Snowy White;1984
981;In Den Haag Is Een Laan;Conny Vandenbos;1975
980;Stand By Me;Ben E. King;1961
979;Gaia;Valensia;1993
978;Rhiannon;Fleetwood Mac;1976
977;Matrimony;Gilbert O´Sullivan;1972
976;David's Song;Kelly Family;1979
975;Samen Zijn;Willeke Alberti;1987
974;Locomotive Breath;Jethro Tull;1972
973;These Boots Are Made For Walking;Nancy Sinatra;1966
972;Red Red Wine;UB40;1983
971;Both Sides Now;Joni Mitchell;1967
970;Love Is All;Roger Glover & Guests;1975
969;Vriendschap;Het Goede Doel;1983
968;Zet Een Kaars Voor Je Raam;Rob De Nijs;1976
967;Zondag;Rob De Nijs;1980
966;I Say A Little Prayer;Aretha Franklin;1968
965;Life On Mars?;David Bowie;1972
964;Breakfast In America;Supertramp;1979
963;Et Maintenant;Gilbert Bécaud;1961
962;I'd Do Anything For Love (But I Won't Do That);Meat Loaf;1993
961;Mamma Mia;ABBA;1975
960;Soerabaja;Anneke Grönloh;1963
959;Summertime (by Ella Fitzgerald & Louis Armstrong);Louis Armstrong & Ella Fitzgerald;1958
958;Make Me Smile (Come Up And See Me);Steve Harley & Cockney Rebel;1975
957;Lucky Lips;Cliff Richard;1963
956;Por Un Poco De Tu Amor;Julio Iglesias;1979
955;Dansen Aan Zee;BLØF;2000
954;Milord;Édith Piaf;1960
953;Can't Get It Out Of My Head;Electric Light Orchestra;1975
952;Let's Spend The Night Together;Rolling Stones;1967
951;Sweet Hitch-Hiker;Creedence Clearwater Revival;1971
950;Georgia On My Mind;Ray Charles;1960
949;Shaffy Cantate;Ramses Shaffy & Liesbeth List;1966
948;Ein Bisschen Frieden;Nicole;1982
947;Reflections Of My Life;Marmalade;1970
946;De Noorderzon Scheen;Conny Vandenbos;1976
945;Constantly;Cliff Richard;1964
944;Delilah;Tom Jones;1968
943;This Is My Song;Petula Clark;1967
942;Nights On Broadway;Bee Gees;1975
941;België;Het Goede Doel;1982
940;Badlands;Bruce Springsteen;1978
939;The Eve Of The War;Jeff Wayne;1978
938;Bachelor Boy;Cliff Richard;1963
937;The Ballad Of Lucy Jordan;Marianne Faithfull;1979
936;Bye Bye Love;Everly Brothers;1958
935;Jailhouse Rock;Elvis Presley;1957
934;September;Earth, Wind & Fire;1979
933;Op Een Mooie Pinksterdag;André Van Den Heuvel & Leen Jongewaard;1967
932;Everybody Loves Somebody;Dean Martin;1964
931;Kan Ik Iets Voor Je Doen?;De Dijk;2011
930;Love Hurts (by Everly Brothers);Everly Brothers;1961
929;Rose Garden;Lynn Anderson;1971
928;Hello Josephine;Scorpions;1965
927;Those Were The Days;Mary Hopkin;1968
926;Een Echte Vriend;André Van Duin;1984
925;That's Amore;Dean Martin;1953
924;Radio Ga Ga;Queen;1984
923;We Are The Champions;Queen;1977
922;Somethin' Stupid;Nancy Sinatra & Frank Sinatra;1967
921;I Close My Eyes And Count To Ten;Dusty Springfield;1968
920;Le Lac Majeur;Mort Shuman;1973
919;Land Of Hope And Glory;Vera Lynn;1963
918;Blowin' In The Wind (by Hollies);Hollies;1969
917;Listen To The Music;Doobie Brothers;1972
916;Musica E;Eros Ramazzotti;1989
915;Driving Home For Christmas;Chris Rea;1988
914;I'd Rather Go Blind;Chicken Shack;1969
913;Ik Kan Het Niet Alleen;De Dijk;1989
912;We Were All Wounded At Wounded Knee;Redbone;1973
911;Summer Is Here;Outsiders;1967
910;Nah Neh Nah;Vaya Con Dios;1990
909;Heartbeat;Buddy Holly;1958
908;Mr. Bojangles;Sammy Davis Jr.;1972
907;What's Going On;Marvin Gaye;1971
906;Lay Down;Melanie & The Edwin Hawkins Singers;1970
905;La Paloma;Freddy Quinn;1962
904;Unchain My Heart;Joe Cocker;1987
903;Solsbury Hill;Peter Gabriel;1977
902;Paradiso;Anneke Grönloh;1962
901;Dancing In The Street;David Bowie & Mick Jagger;1985
900;Battle Hymn Of The Republic;Andy Williams;1968
899;Dedicated Follower Of Fashion;Kinks;1966
898;So Long;Fischer-Z;1980
897;C'est Ma Vie;Adamo;1975
896;Tunnel Of Love;Dire Straits;1984
895;Sammy;Ramses Shaffy;1966
894;Margrietje;Louis Neefs;1972
893;You Win Again;Bee Gees;1987
892;You're So Vain;Carly Simon;1973
891;Formidable;Stromae;2014
890;Prachtig Mooie Dag;Daniël Lohues;2011
889;(Fly Away) Little Paraquayo;George Baker Selection;1974
888;Je T'Aime ... Moi Non Plus;Jane Birkin & Serge Gainsbourg;1969
887;Kiss And Say Goodbye;Manhattans;1976
886;Tomorrow Is Another Day;Buffoons;1967
885;Rockin' All Over The World;Status Quo;1977
884;His Latest Flame;Elvis Presley;1961
883;Diana;Paul Anka;1957
882;Evergreen;Barbra Streisand;1977
881;Almost Cut My Hair;Crosby, Stills, Nash & Young;1970
880;Voir Un Ami Pleurer;Jacques Brel;1977
879;Eltse Grins Foarby;De Kast;1998
878;He'll Have To Go (by Ry Cooder);Ry Cooder;1977
877;Love Letters In The Sand;Pat Boone;1957
876;Tanze Mit Mir In Den Morgen;Gerhard Wendland;1962
875;Fool To Cry;Rolling Stones;1976
874;Downtown;Petula Clark;1965
873;The Old Calahan;BZN;1981
872;Holding Back The Years;Simply Red;1985
871;Woorden Zonder Woorden;De Kast;1998
870;Cracklin' Rosie;Neil Diamond;1970
869;Hocus Pocus;Focus;1971
868;The Guitar Man;Bread;1972
867;Longfellow Serenade;Neil Diamond;1974
866;Verdammt, Ich Lieb' Dich;Matthias Reim;1990
865;Lonely Days;Bee Gees;1970
864;Denis;Blondie;1978
863;I'll Find My Way Home;Jon & Vangelis;1982
862;The Living Years;Mike & The Mechanics;1989
861;Hey Joe;Jimi Hendrix Experience;1967
860;De Neus Umhoeg;Rowwen Hèze;1995
859;Ain't Got No, I Got Life;Nina Simone;1969
858;Rockin' In A Free World;Neil Young;1989
857;Sailing To Philadelphia;Mark Knopfler & James Taylor;2000
856;Sgt. Pepper's Lonely Hearts Club Band;Beatles;1967
855;Mercedes Benz;Janis Joplin;1971
854;Le Printemps;Michel Fugain & Le Big Bazar;1977
853;One Day I'll Fly Away;Randy Crawford;1980
852;Starman;David Bowie;1972
851;Dansen Op De Vulkaan;De Dijk;1987
850;The Wind Cries Mary;Jimi Hendrix;1967
849;L'Important C'est La Rose;Gilbert Bécaud;1967
848;Then I Kissed Her;Beach Boys;1967
847;Tell Me;Rolling Stones;1964
846;The Last Waltz;Engelbert Humperdinck;1967
845;Kees;Frans Halsema;1971
844;Jan Klaassen De Trompetter;Rob De Nijs;1973
843;Ik Ga Naar Frankrijk;Amazing Stroopwafels;1984
842;Sajang E;Massada;1980
841;Whiskey In The Jar (by The Dubliners);Dubliners;1967
840;Hurt (by Timi Yuro);Timi Yuro;1961
839;It's The End;Buffoons;1968
838;Kayleigh;Marillion;1985
837;Vrijgezel;Benny Neyman;1981
836;Atlantis (by Donovan);Donovan;1969
835;All Or Nothing;Small Faces;1966
834;The Way We Were;Barbra Streisand;1974
833;Sugar Baby Love;Rubettes;1974
832;Ferry 'Cross The Mersey;Gerry & The Pacemakers;1964
831;Honey;Bobby Goldsboro;1968
830;Maybe Tomorrow Maybe Tonight;Earth & Fire;1973
829;Money For Nothing;Dire Straits;1985
828;Mijn Allergrootste Fan;André Van Duin;1981
827;Liefs Uit Londen;BLØF;1998
826;Don't Stop;Fleetwood Mac;1977
825;Mama;Genesis;1983
824;Here It Comes Again;Fortunes;1965
823;Englishman In New York;Sting;1988
822;Poupée De Cire, Poupée De Son;France Gall;1965
821;You Got It;Roy Orbison;1989
820;Listen To The Ocean;Nina & Frederik;1967
819;Going To The Run;Golden Earring;1991
818;Heb Het Leven Lief;Liesbeth List;1999
817;La Chanson Des Vieux Amants;Jacques Brel;1968
816;Don't Waste My Time;Cats;1971
815;Hey Tonight;Creedence Clearwater Revival;1971
814;Tell Laura I Love Her;Albert West;1973
813;Cotton Fields;Creedence Clearwater Revival;1969
812;Noordzee;Boudewijn De Groot;1966
811;How You Gonna See Me Now;Alice Cooper;1979
810;Like A Spanish Song;Cats;1975
809;Brown Sugar;Rolling Stones;1971
808;Aan De Kust;BLØF;1998
807;Lonely Boy;Paul Anka;1959
806;You Needed Me;Anne Murray;1978
805;Sophietje;Johnny Lion;1965
804;Long Cool Woman (In A Black Dress);Hollies;1972
803;Misschien Wordt Het Morgen Beter;Cornelis Vreeswijk;1972
802;Jambalaya (On The Bayou);Carpenters;1974
801;Spring Summer Winter And Fall;Aphrodite's Child;1970
800;Binnen Zonder Kloppen;De Dijk;1985
799;Nine Million Bicycles;Katie Melua;2005
798;Deurdonderen;Normaal;1982
797;Days;Kinks;1968
796;Living Doll (by Cliff Richard & The Young Ones);Cliff Richard & The Young Ones;1986
795;Dreams (by Fleetwood Mac);Fleetwood Mac;1977
794;Don't Cry Daddy;Elvis Presley;1970
793;Peaceful Easy Feeling;Eagles;1972
792;Follow You Follow Me;Genesis;1978
791;Atlantis (by Shadows);Shadows;1963
790;I Can't Stop Loving You;Ray Charles;1962
789;Lola (from 1981);Kinks;1981
788;Quiereme Mucho;Julio Iglesias;1979
787;Sunny Afternoon;Kinks;1966
786;(Everything I Do) I Do It For You;Bryan Adams;1991
785;Tiger Feet;Mud;1974
784;Nescio;Nits;1983
783;Kiss Me Quick;Elvis Presley;1963
782;Über Den Wolken;Reinhard Mey;1974
781;Till I Kissed You;Everly Brothers;1959
780;True Love That's A Wonder;Sandy Coast;1971
779;Only You (And You Alone);Platters;1955
778;Burning Love;Elvis Presley;1972
777;Hello (by Lionel Richie);Lionel Richie;1984
776;Die Gitarre Und Das Meer;Freddy Quinn;1959
775;Max;Paolo Conte;1988
774;Summer Holiday;Cliff Richard;1963
773;Jimmy;Boudewijn De Groot;1973
772;Theme From Harry's Game;Clannad;1983
771;You Are So Beautiful;Joe Cocker;1974
770;Let's Go Together;Cats;1973
769;Spanish Eyes;Al Martino;1966
768;Mother How Are You Today;Maywood;1980
767;La Vie En Rose;Édith Piaf;1947
766;Killing Me Softly With His Song;Roberta Flack;1973
765;A Salty Dog;Procol Harum;1969
764;You Are;Dolly Parton;1984
763;From The Time You Say Goodbye;Vera Lynn;1952
762;Don't Let The Sun Go Down On Me;George Michael & Elton John;1992
761;Iedereen Is Van De Wereld;The Scene;1992
760;What's A Woman;Vaya Con Dios;1990
759;No Woman No Cry;Bob Marley & The Wailers;1975
758;You Don't Have To Say You Love Me;Dusty Springfield;1966
757;I'm Just A Singer (In A Rock And Roll Band);Moody Blues;1973
756;Calm After The Storm;Common Linnets;2014
755;S.O.S.;ABBA;1975
754;Long Blond Animal;Golden Earring;1980
753;Bus Stop;Hollies;1966
752;Het Spel Kaarten;Gerard De Vries;1965
751;Niemand In De Stad;De Dijk;1989
750;Honky Tonk Women;Rolling Stones;1969
749;Time Is Tight;Booker T. & The M.G.'s;1969
748;Het Oude Huis;Willeke Alberti;1980
747;Grand Hotel;Procol Harum;1973
746;Circle Of Life;Elton John;1994
745;Folsom Prison Blues;Johnny Cash;1968
744;Up Around The Bend;Creedence Clearwater Revival;1970
743;Zeg Maar Niets Meer;André Hazes;1982
742;We Are The World;USA For Africa;1985
741;Stay In My Life;Cats;1983
740;All Along The Watchtower;Jimi Hendrix;1968
739;Romeo And Juliet;Dire Straits;1980
738;Killer Queen;Queen;1974
737;Before The Next Teardrop Falls;Freddy Fender;1975
736;She (by Elvis Costello) ;Elvis Costello;1999
735;Tin Soldier;Small Faces;1968
734;Here Comes The Night;Them;1965
733;Whatever You Want;Status Quo;1979
732;Orinoco Flow;Enya;1988
731;Through The Barricades;Spandau Ballet;1986
730;The Legend Of Xanadu;Dave Dee, Dozy, Beaky, Mick & Tich;1968
729;Get Back;Beatles;1969
728;All You Need Is Love;Beatles;1967
727;The 5th;Ekseption;1969
726;Zoek Jezelf;Simplisties Verbond;1975
725;Ein Festival Der Liebe;Jürgen Marcus;1973
724;Dreamer;Supertramp;1974
723;The Great Gig In The Sky;Pink Floyd;1973
722;Living Doll (by Cliff Richard);Cliff Richard;1959
721;Someone Like You;Adele;2011
720;Aan De Andere Kant Van De Heuvels;Ramses Shaffy & Liesbeth List;1971
719;Don't You Forget About Me;Simple Minds;1985
718;Knowing Me, Knowing You;ABBA;1977
717;Que Sera Sera (Whatever Will Be Will Be);Doris Day;1956
716;Hello (by Adele) ;Adele;2015
715;Down Man;Brainbox;1969
714;The Road Ahead (Miles Of The Unknown);City To City;1999
713;Beneden Alle Peil;Boudewijn De Groot;1966
712;Hart Van Mijn Gevoel;De Kast;1999
711;Late Again;Stealers Wheel;1973
710;She's Not There;Santana;1978
709;Give A Little Bit;Supertramp;1977
708;Quiereme;Julio Iglesias;1979
707;Pour Moi La Vie Va Commencer;Johnny Hallyday;1964
706;Anne;Herman Van Veen;1986
705;One Night;Elvis Presley;1957
704;Zwei Kleine Italiener;Conny Froboess;1962
703;Perfect Symphony;Ed Sheeran & Andrea Bocelli;2017
702;Born To Run;Bruce Springsteen;1975
701;Sunshine On My Shoulders;John Denver;1974
700;Set Fire To The Rain;Adele;2011
699;Prikkebeen;Boudewijn De Groot;1968
698;Help!;Beatles;1965
697;Dodenrit;Drs. P;1974
696;I'm A Believer;Monkees;1967
695;Never Marry A Railroad Man;Shocking Blue;1970
694;The Great Pretender;Platters;1955
693;Rolling In The Deep;Adele;2011
692;Like A Rolling Stone;Bob Dylan;1965
691;American Pie;Don McLean;1972
690;World;Bee Gees;1968
689;Eenzaam Zonder Jou;Will Tura;1963
688;Skybird;Neil Diamond;1974
687;All I Have To Do Is Dream;Everly Brothers;1958
686;Le Métèque;Georges Moustaki;1969
685;Born In The USA;Bruce Springsteen;1985
684;Clocks;Coldplay;2003
683;Don't Stop Me Now;Queen;1979
682;My Lady Of Spain;Classics;1972
681;La Mamma;Corry Brokken;1964
680;Daydream Believer;Monkees;1967
679;Eve Of Destruction;Barry McGuire;1965
678;Down Down;Status Quo;1975
677;Summer Of '69;Bryan Adams;1990
676;The Unforgettable Fire;U2;1985
675;The Young Ones;Cliff Richard;1962
674;Biscaya;James Last;1982
673;Allemaal Angst;Robert Long;1974
672;I Will Always Love You (by Whitney Houston);Whitney Houston;1992
671;You've Got A Friend (by James Taylor);James Taylor;1971
670;White Room;Cream;1968
669;Sealed With A Kiss;Bobby Vinton;1972
668;We Belong To The Night;Ellen Foley;1979
667;It Was A Very Good Year;Frank Sinatra;1965
666;100 Years;Joey Dyser;1975
665;Cecilia;Simon & Garfunkel;1970
664;De Glimlach Van Een Kind;Willy Alberti;1968
663;Waterloo Sunset;Kinks;1967
662;Still Loving You;Scorpions;1987
661;Midnight Special;Creedence Clearwater Revival;1969
660;Iedereen Doet 'T;Robert Long;1986
659;Dolce Paola;Adamo;1964
658;Return To Sender;Elvis Presley;1963
657;Troy;Sinéad O'Connor;1987
656;Living Next Door To Alice;Smokie;1977
655;You'll Never Walk Alone (by Lee Towers);Lee Towers;1976
654;Toe Maar Jongens;Robert Long;1974
653;Born To Be Wild;Steppenwolf;1968
652;I've Gotta Get A Message To You;Bee Gees;1968
651;Moonlight Shadow;Mike Oldfield;1983
650;Love On The Rocks;Neil Diamond;1980
649;Forever And Ever;Demis Roussos;1973
648;What A Crazy Life;Cats;1967
647;Solitary Man;Neil Diamond;1966
646;I'm On Fire;Bruce Springsteen;1985
645;Vivo Per Lei;Andrea Bocelli & Giorgia;1996
644;She's Always A Woman;Billy Joel;1978
643;Stand By Your Man;Tammy Wynette;1975
642;Saved By The Bell;Robin Gibb;1969
641;Immortality;Céline Dion & Bee Gees;1998
640;La Mer;Charles Trenet;1946
639;First Of May;Bee Gees;1969
638;Scarborough Fair;Simon & Garfunkel;1966
637;Daar Gaat Ze;Clouseau;1990
636;Son Of A Preacher Man;Dusty Springfield;1969
635;Miss You Nights;Cliff Richard;1976
634;Hello Again;Neil Diamond;1981
633;Con Te Partiro;Andrea Bocelli;1995
632;Quiero;Julio Iglesias;1976
631;Turn! Turn! Turn!;Byrds;1965
630;Welcome To My World;Jim Reeves;1964
629;99 Luftballons;Nena;1983
628;Crying In The Chapel;Elvis Presley;1965
627;Lay All Your Love On Me;ABBA;1980
626;Lady D'Arbanville;Cat Stevens;1970
625;Black Magic Woman;Santana;1970
624;The Second Waltz;André Rieu;1994
623;You've Got A Friend (by Carole King);Carole King;1971
622;Air;Ekseption;1969
621;Ginny Come Lately;Albert West;1973
620;24 Rozen;Toon Hermans;1967
619;Sacramento;Middle Of The Road;1972
618;See Me, Feel Me;The Who;1970
617;Vanmorgen Vloog Ze Nog;Musical Tsjechov;1988
616;This Strange Effect;Dave Berry;1965
615;Limburg;Rowwen Hèze;1996
614;Geef Mij Je Angst (by Guus Meeuwis);Guus Meeuwis;2005
613;Rocky Mountain High;John Denver;1973
612;Little Ship;Blue Diamonds;1961
611;The Eyes Of Jenny;Sandy Coast;1981
610;Forever Autumn;Jeff Wayne & Justin Hayward;1978
609;The Old Fashioned Way;Charles Aznavour;1973
608;Maggie May;Rod Stewart;1971
607;I'll Never Fall In Love Again;Tom Jones;1967
606;Mr. Tambourine Man;Byrds;1965
605;Only Lies;Greenfield & Cook;1971
604;A Night Like This;Caro Emerald;2010
603;Money;Pink Floyd;1973
602;No Milk Today;Herman's Hermits;1966
601;Peggy Sue;Buddy Holly;1957
600;At Seventeen;Janis Ian;1975
599;Mrs. Robinson;Simon & Garfunkel;1968
598;Der Weg;Herbert Grönemeyer;2002
597;Private Dancer;Tina Turner;1984
596;A Forest;Cure;1980
595;Twilight Zone;Golden Earring;1982
594;Fly Away;John Denver;1975
593;The Sun Ain't Gonna Shine Anymore;Walker Brothers;1966
592;Griechischer Wein;Udo Jürgens;1975
591;Fantasy;Earth, Wind & Fire;1978
590;You've Lost That Lovin' Feelin';Righteous Brothers;1965
589;De Verzoening;Frank Boeijen;1987
588;Take Five;Dave Brubeck Quartet;1959
587;Ring Ring, I've Got To Sing;Ferre Grignard;1966
586;Il Silenzio;Nini Rosso;1965
585;Mooi Was Die Tijd;Corry Konings;1990
584;La Ballade Des Gens Heureux;Gérard Lenorman;1976
583;Maribaja;Cats;1973
582;Little Green Bag;George Baker Selection;1969
581;Het Regent Zonnestralen;Acda & De Munnik;1999
580;Tusk;Fleetwood Mac;1979
579;Gigi L'Amoroso;Dalida;1974
578;Zondagmiddag Buitenveldert;Frans Halsema;1969
577;Sukiyaki;Kyu Sakamoto;1963
576;Waiting On A Friend;Rolling Stones;1981
575;Saturday Night;Herman Brood & His Wild Romance;1978
574;Marina;Rocco Granata;1959
573;Baba O'Riley;The Who;1971
572;Thank God I'm A Country Boy;John Denver;1975
571;Only Love;Nana Mouskouri;1985
570;Eye In The Sky;Alan Parsons Project;1982
569;Quand Les Roses;Adamo;1964
568;Ik Ben Blij Dat Ik Je Niet Vergeten Ben;Joost Nuissl;1975
567;Naast Jou;Boudewijn De Groot & Jan Rot;1997
566;In A Gadda Da Vida;Iron Butterfly;1970
565;Light My Fire;Doors;1967
564;Nikita;Elton John;1985
563;New World In The Morning;Roger Whittaker;1970
562;Bring It On Home To Me;Animals;1965
561;The Weight (by The Band);The Band;1968
560;Little Red Rooster;Rolling Stones;1964
559;Shallow;Lady Gaga & Bradley Cooper;2019
558;The Last Seven Days;Unit Gloria;1969
557;Weekend;Earth & Fire;1979
556;As Tears Go By (by Marianne Faithfull);Marianne Faithfull;1964
555;Appleknockers Flophouse;Cuby & The Blizzards;1969
554;Sunday Bloody Sunday;U2;1985
553;Girl You'll Be A Woman Soon;Neil Diamond;1971
552;Op Fietse;Skik;1997
551;No Regrets;Walker Brothers;1976
550;(They Long To Be) Close To You;Carpenters;1970
549;Go Now;Moody Blues;1965
548;She's Leaving Home;Beatles;1967
547;Wonderful Tonight;Eric Clapton;1988
546;Veronica;Cornelis Vreeswijk;1972
545;Band On The Run;Paul McCartney & Wings;1974
544;The Logical Song;Supertramp;1979
543;You Took The Words Right Out Of My Mouth;Meat Loaf;1979
542;When I'm Sixty-Four;Beatles;1967
541;The Fool On The Hill;Beatles;1967
540;Birds;Anouk;2013
539;Long As I Can See The Light;Creedence Clearwater Revival;1970
538;Papa Can You Hear Me;Barbra Streisand;1983
537;I'll Have To Say I Love You In A Song;Jim Croce;1974
536;A Horse With No Name;America;1972
535;'k Heb Je Lief;Paul De Leeuw;1997
534;La Mamma;Charles Aznavour;1964
533;A Boy Named Sue;Johnny Cash;1969
532;Homeward Bound;Simon & Garfunkel;1966
531;Lodi;Creedence Clearwater Revival;1969
530;Seasons;Earth & Fire;1971
529;Theme From The Deerhunter;Shadows;1979
528;One Of Us;ABBA;1981
527;Voilà;Barbara Pravi;2021
526;Halt Mich;Herbert Grönemeyer;1988
525;Devoted To You;Everly Brothers;1958
524;Tears In The Morning;Beach Boys;1970
523;Dancing In The Dark;Bruce Springsteen;1985
522;Huilen Is Voor Jou Te Laat;Corry & De Rekels;1970
521;A Thing Called Love;Johnny Cash;1972
520;Zij Gelooft In Mij;André Hazes;2004
519;Oerend Hard;Normaal;1977
518;Stayin' Alive;Bee Gees;1978
517;Hello Mary Lou;Ricky Nelson;1961
516;Paloma Blanca;George Baker Selection;1975
515;De Peel In Brand;Rowwen Hèze;2005
514;Save The Last Dance For Me (by Drifters);Drifters;1961
513;More Than A Feeling;Boston;1977
512;Lola (from 1970);Kinks;1970
511;Wild Horses;Rolling Stones;1971
510;Summertime (by Brainbox) ;Brainbox;1969
509;Bed Of Roses;Bon Jovi;1993
508;Kl 204 (Als Ik God Was);Peter Koelewijn;1978
507;Oh Well;Fleetwood Mac;1969
506;Als De Zon Schijnt;André Van Duin;1983
505;Dynamite;Mud;1974
504;Tell Him;Céline Dion & Barbra Streisand;1997
503;Release Me;Engelbert Humperdinck;1967
502;Easy Livin';Uriah Heep;1973
501;Marmor, Stein Und Eisen Bricht;Drafi Deutscher;1966
500;Westenwind;Dana Winner;1995
499;Mag Het Licht Uit;De Dijk;1987
498;Suspicion;Elvis Presley;1964
497;Perfect;Ed Sheeran;2017
496;Under Pressure;Queen & David Bowie;1981
495;I Heard It Through The Grapevine (by Creedence Clearwater Revival);Creedence Clearwater Revival;1973
494;Queen For Tonight;Helen Shapiro;1963
493;De Nozem En De Non;Cornelis Vreeswijk;1972
492;In The Dutch Mountains;Nits;1987
491;Father And Son;Cat Stevens;1970
490;Hier Kom Ik Weg;Daniël Lohues;2008
489;Back To Black;Amy Winehouse;2011
488;Baker Street;Gerry Rafferty;1978
487;Forever Young;Alphaville;1984
486;To All The Girls I've Loved Before;Julio Iglesias & Willie Nelson;1984
485;Summer Is Over;Dusty Springfield;1964
484;Blauw;The Scene;1991
483;Candle In The Wind;Elton John;1997
482;Harvest;Neil Young;1972
481;Let It Be Me;Everly Brothers;1960
480;Anak;Freddie Aguilar;1980
479;Goodbye My Love Goodbye;Demis Roussos;1973
478;Kus Mich Dan;Arno Adams;2004
477;If You Leave Me Now;Chicago;1976
476;Something;Beatles;1969
475;Down On The Corner;Creedence Clearwater Revival;1969
474;Losing My Religion;R.E.M.;1991
473;My Sweet Lord;George Harrison;1970
472;You Don't Bring Me Flowers;Barbra Streisand & Neil Diamond;1978
471;Gloria;Them;1967
470;We Should Be Together;Cats;1976
469;Take It Easy;Eagles;1972
468;There's No More Corn On The Brasos;Walkers;1971
467;Waterloo;ABBA;1974
466;Give Up Your Guns;Buoys;1972
465;Fortunate Son;Creedence Clearwater Revival;1969
464;You've Got Your Troubles;Fortunes;1965
463;Grijs;Jaap Reesema;2022
462;Strawberry Fields Forever;Beatles;1967
461;Crying;Roy Orbison;1961
460;The Way Old Friends Do;ABBA;1979
459;Where The Streets Have No Name;U2;1987
458;My Broken Souvenirs;Pussycat;1977
457;Old Man;Neil Young;1972
456;Smoke On The Water;Deep Purple;1972
455;Jesus To A Child;George Michael;1996
454;If;Bread;1971
453;Why Tell Me Why;Anita Meyer;1981
452;Island In The Sun;Harry Belafonte;1957
451;The Man With The Child In His Eyes;Kate Bush;1978
450;'t Is Weer Voorbij Die Mooie Zomer;Gerard Cox;1973
449;Blue Bayou (by Roy Orbison);Roy Orbison;1963
448;This Melody;Julien Clerc;1976
447;Alles Geprobeerd;Het Goede Doel;1986
446;Sylvia's Mother;Dr. Hook & The Medicine Show;1972
445;I Will Always Love You (by Dolly Parton);Dolly Parton;1983
444;Blowin' In The Wind (by Bob Dylan);Bob Dylan;1962
443;I've Got Dreams To Remember;Otis Redding;1968
442;Leningrad;Billy Joel;1989
441;The Carnival Is Over;Seekers;1966
440;Love Is A Golden Ring;Cats;1983
439;Onderweg;Abel;2000
438;In The Year 2525;Zager & Evans;1969
437;Liefste, M'n Liefste;Robert Long;1974
436;Ich Hab' Die Liebe Geseh'n;Vicky Leandros;1972
435;Roll Over Lay Down;Status Quo;1975
434;Tonight (by Tina Turner & David Bowie);Tina Turner & David Bowie;1988
433;Zonder Jou (by Paul De Leeuw & Simone Kleinsma);Paul De Leeuw & Simone Kleinsma;1996
432;Don't Waste Your Time;Cats;1971
431;Spiegelbeeld;Willeke Alberti;1963
430;Streets Of London;Ralph McTell;1972
429;Blue Bayou (by Linda Ronstadt);Linda Ronstadt;1977
428;Gute Nacht, Freunde;Reinhard Mey;1974
427;Merci Cherie;Udo Jürgens;1966
426;Whole Lotta Rosie;AC/DC;1978
425;Het Land Van Maas En Waal;Boudewijn De Groot;1967
424;With A Little Help From My Friends;Joe Cocker;1968
423;Had To Fall In Love;Moody Blues;1978
422;Michelle;Beatles;1966
421;Osaka;Shoes;1970
420;Een Meisje Van 16;Boudewijn De Groot;1966
419;I Want To Know What Love Is;Foreigner;1985
418;Wind Of Change;Scorpions;1991
417;Bloed Zweet En Tranen;André Hazes;2002
416;Dochters;Marco Borsato;2008
415;Brown Eyed Girl;Van Morrison;1967
414;Als Ze Er Niet Is;De Dijk;1994
413;Telkens Weer;Willeke Alberti;1975
412;Ebony Eyes;Everly Brothers;1961
411;Play Me;Neil Diamond;1972
410;Eleanor Rigby;Beatles;1966
409;A Different Corner;George Michael;1986
408;Rivers Of Babylon;Boney M;1978
407;Streets Of Philadelphia;Bruce Springsteen;1994
406;The Turn Of A Friendly Card;Alan Parsons Project;1980
405;Back Home;Golden Earring;1970
404;When A Man Loves A Woman;Percy Sledge;1966
403;Guilty;Barbra Streisand & Barry Gibb;1980
402;Suzanne (by Herman van Veen);Herman Van Veen;1969
401;Jeanny;Falco;1986
400;Ben;Michael Jackson;1972
399;Brandend Zand;Anneke Grönloh;1962
398;In My Life;Beatles;1965
397;Vienna (by Ultravox);Ultravox;1981
396;Little Bird;Tielman Brothers;1968
395;Nothing Compares 2 U;Sinéad O'Connor;1990
394;I Don't Believe In If Anymore;Roger Whittaker;1970
393;My Home Town;Bruce Springsteen;1986
392;Yesterday Once More;Carpenters;1973
391;Only Time;Enya;2001
390;Haus Am See;Peter Fox;2009
389;Laat Me/Vivre;Alderliefste & Ramses Shaffy;2005
388;Rain And Tears;Aphrodite's Child;1968
387;It's Over;Roy Orbison;1964
386;Kronenburg Park;Frank Boeijen Groep;1985
385;I'm Not In Love;10 CC;1975
384;I'll Never Find Another You;Seekers;1965
383;New Kid In Town;Eagles;1977
382;San Quentin;Johnny Cash;1969
381;Suzie Q;Creedence Clearwater Revival;1968
380;Mijn Vlakke Land;Jacques Brel;1962
379;Cafe Biljart;Toon Hermans;1980
378;I Walk The Line;Johnny Cash;1956
377;The Best;Tina Turner;1989
376;Dance The Night Away;Mavericks;1998
375;Your Song;Elton John;1971
374;Where Do You Go To My Lovely;Peter Sarstedt;1969
373;Tequila Sunrise;Eagles;1973
372;Hurricane;Bob Dylan;1975
371;The Show Must Go On;Queen;1991
370;Ich Bin Wie Du;Marianne Rosenberg;1976
369;Careless Whisper;George Michael;1984
368;How Can You Mend A Broken Heart;Bee Gees;1971
367;It's Now Or Never;Elvis Presley;1960
366;Heaven Must Be Missing An Angel;Tavares;1976
365;Make It A Memory;Krezip & Danny Vera;2022
364;Love Me Tender;Elvis Presley;1956
363;N'Oubliez Jamais;Joe Cocker;1997
362;Because I Love You;Buddy Holly;1956
361;Viva La Vida;Coldplay;2008
360;Silence Is Golden;Tremeloes;1967
359;Lyin' Eyes;Eagles;1975
358;Ruby Tuesday;Rolling Stones;1967
357;Make You Feel My Love;Adele;2009
356;The Wild Rover;Dubliners;1964
355;Lady Jane;Rolling Stones;1966
354;The Lady In Red;Chris De Burgh;1986
353;An American Trilogy;Elvis Presley;1972
352;Malle Babbe;Rob De Nijs;1975
351;Geef Mij Je Angst (by Andre Hazes);André Hazes;1984
350;Morningside;Neil Diamond;1975
349;Il Est Cinq Heures, Paris S'éveille;Jacques Dutronc;1968
348;De Steen;Bram Vermeulen;1988
347;Wonderful Land;Shadows;1962
346;The Last Time;Rolling Stones;1965
345;Paranoid;Black Sabbath;1970
344;Purple Rain;Prince;1984
343;Monday Monday;The Mama's & The Papa's;1966
342;Maid Of Orleans;Orchestral Manoeuvres In The Dark;1982
341;Time Is On My Side;Rolling Stones;1964
340;The Wonder Of You;Elvis Presley;1970
339;We'll Meet Again;Vera Lynn;1941
338;Zoutelande;BLØF feat. Geike Arnaert;2018
337;In Nije Dei;De Kast;1997
336;Earth Song;Michael Jackson;1995
335;The Elephant Song;Kamahl;1975
334;The End;Doors;1967
333;Proud Mary (by Creedence Clearwater Revival);Creedence Clearwater Revival;1969
332;I Won't Forget You;Jim Reeves;1964
331;Time To Say Goodbye;Sarah Brightman & Andrea Bocelli;1997
330;I Still Haven't Found What I'm Looking For;U2;1987
329;Another 45 Miles (from 1993);Golden Earring;1993
328;The Family Tree;Venice;1999
327;One Of These Nights;Eagles;1975
326;To Love Somebody;Bee Gees;1967
325;River Deep Mountain High;Ike & Tina Turner;1966
324;Don't Give Up;Peter Gabriel & Kate Bush;1986
323;Lying All The Time;Outsiders;1966
322;Beautiful People;Melanie;1969
321;The First Time Ever I Saw Your Face;Roberta Flack;1972
320;Droomland;Paul De Leeuw & André Hazes;1993
319;You're The First, The Last, My Everything;Barry White;1974
318;Woman In Love;Barbra Streisand;1980
317;Thorbeckeplein;Robert Long;1977
316;Zeg Me Dat Het Niet Zo Is;Frank Boeijen Groep;1990
315;La Diligence;Cats;1983
314;Homburg;Procol Harum;1967
313;Perfect Day;Lou Reed;1972
312;Goodnight Saigon;Billy Joel;1983
311;California Blue;Roy Orbison;1989
310;She Flies On Strange Wings;Golden Earring;1971
309;Year Of The Cat;Al Stewart;1977
308;It's All Over Now;Rolling Stones;1964
307;Mull Of Kintyre;Wings;1977
306;Hurt (by Johnny Cash);Johnny Cash;2002
305;I Won't Stand Between Them;Bonnie St. Claire;1970
304;Hier Encore;Charles Aznavour;1964
303;'t Kleine Café Aan De Haven;Vader Abraham;1976
302;Angels;Robbie Williams;1997
301;One (by U2) ;U2;1991
300;Fernando;ABBA;1976
299;Ben Ik Te Min;Armand;1967
298;Walk Of Life;Dire Straits;1985
297;Crying In The Rain;Everly Brothers;1962
296;Oceaan;Racoon;2013
295;Penny Lane;Beatles;1967
294;Always On My Mind (by Willie Nelson);Willie Nelson;1984
293;MacArthur Park;Richard Harris;1968
292;Whole Lotta Love;Led Zeppelin;1969
291;Love Hurts (by Nazareth);Nazareth;1976
290;The Long And Winding Road;Beatles;1970
289;In The Air Tonight;Phil Collins;1981
288;Proud Mary (by Ike & Tina Turner);Ike & Tina Turner;1971
287;On The Wings Of A Nightingale;Everly Brothers;1984
286;Oh Pretty Woman;Roy Orbison;1964
285;Good Vibrations;Beach Boys;1966
284;The Life I Live;Q65;1966
283;Dust In The Wind;Kansas;1978
282;If I Can Dream;Elvis Presley;1968
281;Another Brick In The Wall;Pink Floyd;1979
280;Our House (by Crosby, Stills, Nash & Young);Crosby, Stills, Nash & Young;1970
279;Wooden Heart;Elvis Presley;1961
278;Song Of The Marching Children;Earth & Fire;1971
277;When The Lady Smiles;Golden Earring;1984
276;Why Worry;Dire Straits;1985
275;Have I Told You Lately;Van Morrison;1989
274;Niet Voor Het Laatst;Rob De Nijs;2017
273;Zonder Jou (by Rob De Nijs);Rob De Nijs;1981
272;Magical Mystery Morning;Cats;1970
271;Go Like Elijah;Chi Coltrane;1973
270;I Want To Break Free;Queen;1984
269;Non, Non, Rien N'a Changé;Poppys;1971
268;With Or Without You;U2;1987
267;I Just Can't Help Believin';Elvis Presley;1972
266;Ritme Van De Regen;Rob De Nijs;1963
265;September Morn';Neil Diamond;1978
264;Me And Bobby McGee;Janis Joplin;1971
263;Another 45 Miles (from 1969);Golden Earring;1969
262;Tougher Than The Rest;Bruce Springsteen;1988
261;Norwegian Wood;Beatles;1965
260;Memory;Barbra Streisand;1983
259;Memories (by Earth & Fire);Earth & Fire;1972
258;Papa Was A Rolling Stone;Temptations;1972
257;Als De Dag Van Toen;Reinhard Mey;1975
256;Songbird (by Eva Cassidy);Eva Cassidy;1995
255;The French Song;Lucille Starr;1964
254;Are You Lonesome Tonight;Elvis Presley;1961
253;Cent Mille Chansons;Frida Boccara;1969
252;Space Oddity;David Bowie;1969
251;As Tears Go By (by Rolling Stones);Rolling Stones;1966
250;Blaosmuziek;Gé Reinders;1999
249;Les Lacs Du Connemara;Michel Sardou;1982
248;Sound Of The Screaming Day;Golden Earrings;1967
247;Somewhere Between;Tumbleweeds;1975
246;Only The Lonely;Roy Orbison;1960
245;Après Toi;Vicky Leandros;1972
244;Junge, Komm Bald Wieder;Freddy Quinn;1963
243;How Deep Is Your Love;Bee Gees;1978
242;Wuthering Heights;Kate Bush;1978
241;Sailing;Rod Stewart;1975
240;Still Got The Blues;Gary Moore;1990
239;Sure He's A Cat;Cats;1967
238;A Day In The Life;Beatles;1967
237;Nathalie;Gilbert Bécaud;1964
236;Slipping Through My Fingers;ABBA;1981
235;Jolene;Dolly Parton;1974
234;Vous Permettez Monsieur;Adamo;1964
233;House For Sale;Lucifer;1975
232;Africa;Toto;1982
231;Suzanne (by Leonard Cohen);Leonard Cohen;1968
230;Adios Amigo;Jim Reeves;1963
229;Andante Andante;ABBA;1980
228;She's A Rainbow;Rolling Stones;1968
227;My Friend The Wind;Demis Roussos;1973
226;Stay With Me 'Til The Morning;New London Chorale feat. Vicki Brown;1986
225;Sara;Fleetwood Mac;1980
224;Wasted Words;Motions;1965
223;Tombe La Neige;Adamo;1964
222;Stel Dat Het Zou Kunnen;Jan Rot;2016
221;Is Dit Nu Later;Stef Bos;1990
220;Graceland;Paul Simon;1986
219;Sailin' Home;Piet Veerman;1987
218;Somebody To Love (by Queen);Queen;1976
217;While My Guitar Gently Weeps;Beatles;1968
216;Mon Amour;BZN;1976
215;(I Can't Get No) Satisfaction;Rolling Stones;1965
214;Leaving On A Jetplane;John Denver;1973
213;Heart Of Gold;Neil Young;1972
212;Ramona;Blue Diamonds;1960
211;Boulevard De La Madeleine;Moody Blues;1966
210;Un Canto A Galicia;Julio Iglesias;1972
209;Bright Eyes (by Art Garfunkel);Art Garfunkel;1979
208;Take This Waltz;Leonard Cohen;1988
207;Stil In Mij;Van Dik Hout;1994
206;What A Wonderful World;Louis Armstrong;1968
205;Venus;Shocking Blue;1969
204;Soldier On;DI-RECT;2020
203;Samba Pa Ti;Santana;1973
202;Patsy;Rein De Vries;1965
201;Yesterday When I Was Young;Charles Aznavour;1970
200;Atemlos Durch Die Nacht;Helene Fischer;2013
199;Nothing Rhymed;Gilbert O´Sullivan;1971
198;Spicks And Specks;Bee Gees;1967
197;Indian Wedding;Roy Orbison;1964
196;Fragile;Sting;1988
195;Eres Tú;Mocedades;1973
194;Sloop John B;Beach Boys;1966
193;Terug Naar De Kust;Maggie MacNeal;1976
192;The Last Farewell;Roger Whittaker;1975
191;Blueberry Hill;Fats Domino;1957
190;Ring Of Fire;Johnny Cash;1963
189;Belfast Child;Simple Minds;1989
188;Worn Down Piano;Mark & Clark Band;1977
187;Geen Kind Meer;Karin Bloemen;1996
186;Chiquitita;ABBA;1979
185;Zing, Vecht, Huil, Bid, Lach, Werk En Bewonder;Ramses Shaffy;1971
184;He'll Have To Go (by Jim Reeves);Jim Reeves;1960
183;Somebody To Love (by George Michael & Queen);George Michael & Queen;1993
182;Banger Hart;Rob De Nijs;1996
181;Can't Help Falling In Love;Elvis Presley;1962
180;Just An Illusion;BZN;1983
179;Welterusten Meneer De President;Boudewijn De Groot;1966
178;The Load Out / Stay;Jackson Browne;1977
177;Ticket To Heaven;Dire Straits;1994
176;Turn Around And Start Again;Cats;1968
175;Inch Allah;Adamo;1967
174;Top Of The World;Carpenters;1973
173;I Started A Joke;Bee Gees;1969
172;Song Sung Blue;Neil Diamond;1972
171;Thank You For The Music;ABBA;1978
170;Heroes;David Bowie;1978
169;Zelfs Je Naam Is Mooi;Henk Westbroek;1998
168;Tuesday Afternoon;Moody Blues;1968
167;Liefde Van Later;Herman Van Veen;1969
166;Be My Day;Cats;1974
165;Fields Of Gold (by Sting);Sting;1993
164;Calypso;John Denver;1975
163;Loving Her Was Easier;José Feliciano;1976
162;Laat Me Alleen;Rita Hovink;1977
161;Ann;Q65;1967
160;Fields Of Gold (by Eva Cassidy);Eva Cassidy;1996
159;Mr. Blue Sky;Electric Light Orchestra;1978
158;You Can't Always Get What You Want;Rolling Stones;1969
157;My Special Prayer;Percy Sledge;1969
156;Sebastian;Cockney Rebel;1973
155;Kleine Jongen;André Hazes;1990
154;Gimme Shelter;Rolling Stones;1969
153;Une Belle Histoire;Michel Fugain & Le Big Bazar;1972
152;The Air That I Breathe;Hollies;1974
151;Sittin' On The Dock Of The Bay;Otis Redding;1968
150;Let's Dance;Cats;1972
149;De Vlieger;André Hazes;1977
148;Mississippi;Pussycat;1975
147;Need Your Love So Bad;Fleetwood Mac;1968
146;Islands In The Stream;Dolly Parton & Kenny Rogers;1983
145;Here Comes The Sun;Beatles;1969
144;Laat Me;Ramses Shaffy;1978
143;I Love You Because;Jim Reeves;1964
142;I Have A Dream;ABBA;1979
141;Innuendo;Queen;1991
140;Sympathy For The Devil;Rolling Stones;1973
139;San Francisco (Be Sure To Wear Flowers In Your Hair);Scott McKenzie;1967
138;California Dreamin';The Mama's & The Papa's;1966
137;Tous Les Garçons Et Les Filles;Françoise Hardy;1963
136;I've Just Lost Somebody;Golden Earrings;1968
135;Jukebox;Cats;1965
134;Conquest Of Paradise;Vangelis;1995
133;Eloise;Barry Ryan;1968
132;Everybody Hurts;R.E.M.;1993
131;My Way (by Frank Sinatra) ;Frank Sinatra;1969
130;Storm And Thunder;Earth & Fire;1971
129;White Rabbit;Jefferson Airplane;1967
128;Morning Has Broken;Cat Stevens;1972
127;Annie's Song;John Denver;1976
126;He Ain't Heavy He's My Brother;Hollies;1969
125;Green Green Grass Of Home;Tom Jones;1967
124;Time In A Bottle;Jim Croce;1972
123;Beautiful Noise;Neil Diamond;1976
122;Vincent;Don McLean;1972
121;Open Einde;Rob De Nijs;1987
120;Mijn Gebed;DC Lewis;1970
119;You'll Never Walk Alone (by Gerry & The Pacemakers);Gerry & The Pacemakers;1963
118;Bad Moon Rising;Creedence Clearwater Revival;1969
117;Question;Moody Blues;1970
116;Ne Me Quitte Pas;Jacques Brel;1959
115;Alles Wat Ademt;Rob De Nijs;1985
114;El Condor Pasa;Simon & Garfunkel;1970
113;Teach Your Children;Crosby, Stills, Nash & Young;1970
112;Distant Drums;Jim Reeves;1966
111;Who Wants To Live Forever;Queen;1986
110;Fix You;Coldplay;2005
109;Blackbird;Beatles;1968
108;Once Upon A Time In The West;Ennio Morricone;1976
107;Apache;Shadows;1960
106;Vluchten Kan Niet Meer;Jenny Arean & Frans Halsema;1977
105;The River;Bruce Springsteen;1981
104;Don't Forget To Remember;Bee Gees;1969
103;There Has Been A Time;Cats;1972
102;The Winner Takes It All;ABBA;1980
101;So Long Marianne;Leonard Cohen;1968
100;Dance Me To The End Of Love;Leonard Cohen;1984
99;Save The Last Dance For Me (by Cats);Cats;1977
98;School;Supertramp;1974
97;Take Me Home Country Roads;John Denver;1971
96;Eagle;ABBA;1978
95;Zo Zal Het Zijn;Rob De Nijs;1998
94;Barcelona;Freddie Mercury & Montserrat Caballé;1988
93;Words;Bee Gees;1968
92;Tears In Heaven;Eric Clapton;1992
91;Brabant;Guus Meeuwis;2002
90;Private Investigations;Dire Straits;1982
89;Songbird (by Fleetwood Mac);Fleetwood Mac;1977
88;Suspicious Minds;Elvis Presley;1969
87;Massachusetts;Bee Gees;1967
86;Ode Aan Maastricht;Benny Neyman;1979
85;Perhaps Love;John Denver & Placido Domingo;1982
84;Waarom Fluister Ik Je Naam Nog;Benny Neyman;1985
83;The End Of The Show;Cats;1980
82;Kalverliefde;Robert Long;1974
81;The Day Before You Came;ABBA;1982
80;Albatross;Fleetwood Mac;1969
79;Non Je Ne Regrette Rien;Édith Piaf;1961
78;Music;John Miles;1976
77;Go Your Own Way;Fleetwood Mac;1977
76;Oude Maasweg;Amazing Stroopwafels;1982
75;Unchained Melody;Righteous Brothers;1965
74;Desperado;Eagles;1973
73;My Boy;Elvis Presley;1975
72;Who'll Stop The Rain;Creedence Clearwater Revival;1970
71;The Boxer;Simon & Garfunkel;1969
70;In Dreams;Roy Orbison;1963
69;Always On My Mind (by Elvis Presley) ;Elvis Presley;1972
68;Papa;Stef Bos;1991
67;Hey Jude;Beatles;1968
66;Ruthless Queen;Kayak;1979
65;Sultans Of Swing;Dire Straits;1978
64;Door De Wind;Miss Montreal;2020
63;The Rose;Bette Midler;1980
62;Paint It Black;Rolling Stones;1966
61;Dancing Queen;ABBA;1976
60;Paradise By The Dashboard Light;Meat Loaf;1978
59;Over De Muur;Klein Orkest;1984
58;La Comparsa;ZZ & De Maskers;1963
57;Het Is Nog Nooit Zo Donker West;Ede Staal;1984
56;Riders On The Storm;Doors;1971
55;She (by Charles Aznavour);Charles Aznavour;1974
54;Mag Ik Dan Bij Jou;Claudia De Breij;2011
53;Have You Ever Seen The Rain;Creedence Clearwater Revival;1971
52;Why;Cats;1969
51;Vaya Con Dios;Cats;1972
50;Rock 'N Roll (I Gave You The Best Years Of My Life);Cats;1974
49;Sweet Caroline;Neil Diamond;1969
48;Verdronken Vlinder;Boudewijn De Groot;1966
47;I Put A Spell On You;Creedence Clearwater Revival;1972
46;Yesterday;Beatles;1965
45;In The Ghetto;Elvis Presley;1969
44;Where Have I Been Wrong;Cats;1970
43;Flink Zijn;Robert Long;1977
42;La Bohème;Charles Aznavour;1965
41;I Am... I Said;Neil Diamond;1971
40;Shine On You Crazy Diamond;Pink Floyd;1975
39;Old And Wise;Alan Parsons Project;1982
38;Angie;Rolling Stones;1973
37;Piano Man;Billy Joel;1973
36;Window Of My Eyes;Cuby & The Blizzards;1968
35;Let It Be;Beatles;1970
34;The House Of The Rising Sun;Animals;1964
33;Testament;Boudewijn De Groot;1966
32;Just A Little Bit Of Peace In My Heart;Golden Earrings;1968
31;Comfortably Numb;Pink Floyd;1979
30;Het Werd Zomer;Rob De Nijs;1977
29;Wish You Were Here;Pink Floyd;1975
28;Radar Love;Golden Earring;1973
27;Brothers In Arms;Dire Straits;1985
26;Times Were When;Cats;1968
25;Hallelujah (by Leonard Cohen);Leonard Cohen;1984
24;Child In Time;Deep Purple;1972
23;Imagine;John Lennon;1971
22;God Only Knows;Beach Boys;1966
21;Stairway To Heaven;Led Zeppelin;1971
20;De Vondeling Van Ameland;Boudewijn De Groot;2004
19;Love Of My Life;Queen;1975
18;Marian;Cats;1969
17;Bohemian Rhapsody;Queen;1975
16;The Last Resort;Eagles;1976
15;Bridge Over Troubled Water;Simon & Garfunkel;1970
14;Pastorale;Liesbeth List & Ramses Shaffy;1969
13;One Way Wind;Cats;1971
12;Scarlet Ribbons;Cats;1969
11;Foto Van Vroeger;Rob De Nijs;1980
10;Nights In White Satin;Moody Blues;1968
9;A Whiter Shade Of Pale;Procol Harum;1967
8;The Sound Of Silence (by Simon & Garfunkel) ;Simon & Garfunkel;1966
7;Hotel California;Eagles;1977
6;Voor Haar;Frans Halsema;1977
5;Avond;Boudewijn De Groot;1997
4;Lea;Cats;1968
3;Du;Peter Maffay;1971
2;Roller Coaster;Danny Vera;2019
1;Het Dorp;Wim Sonneveld;1974
