century;region;total_count;female_count;latitude;longitude
3rd AD;Egypt, 10th Lower Egyptian nome, Athribites [L10];10;3;30.47243;31.184479
1st AD;Egypt, 10th Lower Egyptian nome, Athribites [L10];15;3;30.47243;31.184479
2nd BC;Egypt, 10th Lower Egyptian nome, Athribites [L10];17;2;30.47243;31.184479
2nd AD;Egypt, 10th Lower Egyptian nome, Athribites [L10];20;4;30.47243;31.184479
4th BC;Egypt, 10th Lower Egyptian nome, Athribites [L10];45;10;30.47243;31.184479
4th AD;Egypt, 10th Lower Egyptian nome, Athribites [L10];6;0;30.47243;31.184479
3rd BC;Egypt, 10th Lower Egyptian nome, Athribites [L10];9;1;30.47243;31.184479
5th AD;Egypt, 10th Upper Egyptian nome, Antaiopolites [U10a];10;0;26.8992835;31.517443
1st BC;Egypt, 10th Upper Egyptian nome, Antaiopolites [U10a];2;0;26.8992835;31.517443
2nd BC;Egypt, 10th Upper Egyptian nome, Antaiopolites [U10a];27;3;26.8992835;31.517443
6th AD;Egypt, 10th Upper Egyptian nome, Antaiopolites [U10a];2875;201;26.8992835;31.517443
3rd AD;Egypt, 10th Upper Egyptian nome, Antaiopolites [U10a];31;1;26.8992835;31.517443
4th BC;Egypt, 10th Upper Egyptian nome, Antaiopolites [U10a];4;1;26.8992835;31.517443
2nd AD;Egypt, 10th Upper Egyptian nome, Antaiopolites [U10a];46;10;26.8992835;31.517443
4th AD;Egypt, 10th Upper Egyptian nome, Antaiopolites [U10a];5;0;26.8992835;31.517443
3rd BC;Egypt, 10th Upper Egyptian nome, Antaiopolites [U10a];6;1;26.8992835;31.517443
1st AD;Egypt, 10th Upper Egyptian nome, Antaiopolites [U10a];6;2;26.8992835;31.517443
6th AD;Egypt, 10th Upper Egyptian nome, Apollonopolites [U10b];29;2;26.937588;31.326702
3rd AD;Egypt, 10th Upper Egyptian nome, Apollonopolites [U10b];4;0;26.937588;31.326702
2nd AD;Egypt, 10th Upper Egyptian nome, Apollonopolites [U10b];535;88;26.937588;31.326702
5th AD;Egypt, 10th Upper Egyptian nome, Apollonopolites [U10b];6;0;26.937588;31.326702
3rd BC;Egypt, 11th Lower Egyptian nome, Leontopolites [L11];2;0;30.683333;31.35
1st BC;Egypt, 11th Lower Egyptian nome, Leontopolites [L11];2;0;30.683333;31.35
3rd AD;Egypt, 11th Lower Egyptian nome, Leontopolites [L11];208;46;30.683333;31.35
4th BC;Egypt, 11th Lower Egyptian nome, Leontopolites [L11];3;1;30.683333;31.35
4th AD;Egypt, 11th Lower Egyptian nome, Leontopolites [L11];3;1;30.683333;31.35
2nd BC;Egypt, 11th Lower Egyptian nome, Leontopolites [L11];9;0;30.683333;31.35
4th AD;Egypt, 11th Upper Egyptian nome, Hypselites [U11];17;0;27.146592;31.234697
2nd BC;Egypt, 11th Upper Egyptian nome, Hypselites [U11];18;0;27.146592;31.234697
2nd AD;Egypt, 11th Upper Egyptian nome, Hypselites [U11];34;1;27.146592;31.234697
2nd BC;Egypt, 12th Lower Egyptian nome, Sebennytes [L12];11;1;30.962841;31.239569
3rd AD;Egypt, 12th Lower Egyptian nome, Sebennytes [L12];19;2;30.962841;31.239569
4th BC;Egypt, 12th Lower Egyptian nome, Sebennytes [L12];3;0;30.962841;31.239569
2nd AD;Egypt, 12th Lower Egyptian nome, Sebennytes [L12];30;2;30.962841;31.239569
3rd AD;Egypt, 13th Lower Egyptian nome, Heliopolites [L13];18;0;30.131757;31.284786
1st AD;Egypt, 13th Lower Egyptian nome, Heliopolites [L13];26;5;30.131757;31.284786
2nd AD;Egypt, 13th Lower Egyptian nome, Heliopolites [L13];26;4;30.131757;31.284786
1st BC;Egypt, 13th Lower Egyptian nome, Heliopolites [L13];29;11;30.131757;31.284786
3rd BC;Egypt, 13th Lower Egyptian nome, Heliopolites [L13];4;0;30.131757;31.284786
4th BC;Egypt, 13th Lower Egyptian nome, Heliopolites [L13];6;1;30.131757;31.284786
4th AD;Egypt, 13th Lower Egyptian nome, Heliopolites [L13];7;0;30.131757;31.284786
2nd BC;Egypt, 13th Lower Egyptian nome, Heliopolites [L13];3;0;30.131757;31.284786
1st BC;Egypt, 13th Upper Egyptian nome, Lykopolites [U13];1;0;27.181346;31.1825335
2nd BC;Egypt, 13th Upper Egyptian nome, Lykopolites [U13];1129;181;27.181346;31.1825335
4th BC;Egypt, 13th Upper Egyptian nome, Lykopolites [U13];2;1;27.181346;31.1825335
3rd BC;Egypt, 13th Upper Egyptian nome, Lykopolites [U13];2;1;27.181346;31.1825335
5th AD;Egypt, 13th Upper Egyptian nome, Lykopolites [U13];21;3;27.181346;31.1825335
1st AD;Egypt, 13th Upper Egyptian nome, Lykopolites [U13];483;123;27.181346;31.1825335
2nd AD;Egypt, 13th Upper Egyptian nome, Lykopolites [U13];56;4;27.181346;31.1825335
3rd AD;Egypt, 13th Upper Egyptian nome, Lykopolites [U13];61;5;27.181346;31.1825335
4th AD;Egypt, 13th Upper Egyptian nome, Lykopolites [U13];69;6;27.181346;31.1825335
6th AD;Egypt, 13th Upper Egyptian nome, Lykopolites [U13];9;0;27.181346;31.1825335
1st AD;Egypt, 14th Lower Egyptian nome, Sethroites [L14];1;0;30.982139;32.167572
3rd AD;Egypt, 14th Lower Egyptian nome, Sethroites [L14];16;1;30.982139;32.167572
1st BC;Egypt, 14th Lower Egyptian nome, Sethroites [L14];2;0;30.982139;32.167572
2nd BC;Egypt, 14th Lower Egyptian nome, Sethroites [L14];28;0;30.982139;32.167572
4th AD;Egypt, 14th Lower Egyptian nome, Sethroites [L14];33;0;30.982139;32.167572
2nd AD;Egypt, 14th Lower Egyptian nome, Sethroites [L14];7;0;30.982139;32.167572
5th AD;Egypt, 15th Upper Egyptian nome, Hermopolites [U15];1379;120;27.7756214;30.8047827
4th BC;Egypt, 15th Upper Egyptian nome, Hermopolites [U15];194;6;27.7756214;30.8047827
3rd BC;Egypt, 15th Upper Egyptian nome, Hermopolites [U15];205;14;27.7756214;30.8047827
3rd AD;Egypt, 15th Upper Egyptian nome, Hermopolites [U15];2865;357;27.7756214;30.8047827
6th AD;Egypt, 15th Upper Egyptian nome, Hermopolites [U15];3012;297;27.7756214;30.8047827
2nd AD;Egypt, 15th Upper Egyptian nome, Hermopolites [U15];3511;323;27.7756214;30.8047827
4th AD;Egypt, 15th Upper Egyptian nome, Hermopolites [U15];5019;290;27.7756214;30.8047827
2nd BC;Egypt, 15th Upper Egyptian nome, Hermopolites [U15];811;34;27.7756214;30.8047827
1st AD;Egypt, 15th Upper Egyptian nome, Hermopolites [U15];822;90;27.7756214;30.8047827
1st BC;Egypt, 15th Upper Egyptian nome, Hermopolites [U15];978;9;27.7756214;30.8047827
1st BC;Egypt, 16th Lower Egyptian nome, Mendesios [L16];10;3;30.9660215;31.555712
4th AD;Egypt, 16th Lower Egyptian nome, Mendesios [L16];21;2;30.9660215;31.555712
3rd AD;Egypt, 16th Lower Egyptian nome, Mendesios [L16];253;19;30.9660215;31.555712
2nd BC;Egypt, 16th Lower Egyptian nome, Mendesios [L16];30;3;30.9660215;31.555712
4th BC;Egypt, 16th Lower Egyptian nome, Mendesios [L16];6;0;30.9660215;31.555712
1st AD;Egypt, 16th Lower Egyptian nome, Mendesios [L16];68;0;30.9660215;31.555712
3rd BC;Egypt, 16th Lower Egyptian nome, Mendesios [L16];8;0;30.9660215;31.555712
2nd AD;Egypt, 16th Lower Egyptian nome, Mendesios [L16];884;109;30.9660215;31.555712
4th BC;Egypt, 17th Lower Egyptian nome, Diospolites Kato [L17];2;0;31.259561;31.570557
2nd AD;Egypt, 17th Lower Egyptian nome, Diospolites Kato [L17];6;0;31.259561;31.570557
1st AD;Egypt, 17th Upper Egyptian nome, Kynopolites [U17];10;1;28.479495;30.782897
5th AD;Egypt, 17th Upper Egyptian nome, Kynopolites [U17];12;0;28.479495;30.782897
4th AD;Egypt, 17th Upper Egyptian nome, Kynopolites [U17];20;4;28.479495;30.782897
3rd BC;Egypt, 17th Upper Egyptian nome, Kynopolites [U17];24;0;28.479495;30.782897
2nd AD;Egypt, 17th Upper Egyptian nome, Kynopolites [U17];269;41;28.479495;30.782897
2nd BC;Egypt, 17th Upper Egyptian nome, Kynopolites [U17];27;0;28.479495;30.782897
3rd AD;Egypt, 17th Upper Egyptian nome, Kynopolites [U17];30;5;28.479495;30.782897
1st BC;Egypt, 17th Upper Egyptian nome, Kynopolites [U17];50;4;28.479495;30.782897
6th AD;Egypt, 17th Upper Egyptian nome, Kynopolites [U17];6;0;28.479495;30.782897
3rd AD;Egypt, 18th Lower Egyptian nome, Boubastites [L18];199;26;30.576879;31.50726267
4th BC;Egypt, 18th Lower Egyptian nome, Boubastites [L18];2;1;30.576879;31.50726267
2nd AD;Egypt, 18th Lower Egyptian nome, Boubastites [L18];2;0;30.576879;31.50726267
2nd BC;Egypt, 18th Lower Egyptian nome, Boubastites [L18];20;6;30.576879;31.50726267
1st BC;Egypt, 18th Lower Egyptian nome, Boubastites [L18];3;1;30.576879;31.50726267
3rd BC;Egypt, 18th Lower Egyptian nome, Boubastites [L18];6;2;30.576879;31.50726267
2nd BC;Egypt, 19th Lower Egyptian nome, Tanites [L19];17;2;30.97584067;31.874266
2nd AD;Egypt, 19th Lower Egyptian nome, Tanites [L19];20;1;30.97584067;31.874266
1st BC;Egypt, 19th Lower Egyptian nome, Tanites [L19];24;9;30.97584067;31.874266
3rd BC;Egypt, 19th Lower Egyptian nome, Tanites [L19];5;1;30.97584067;31.874266
1st AD;Egypt, 19th Lower Egyptian nome, Tanites [L19];9;5;30.97584067;31.874266
4th BC;Egypt, 19th Upper Egyptian nome, Oxyrynchites [U19];1;0;28.542574;30.65172
5th AD;Egypt, 19th Upper Egyptian nome, Oxyrynchites [U19];1273;95;28.542574;30.65172
3rd BC;Egypt, 19th Upper Egyptian nome, Oxyrynchites [U19];1397;166;28.542574;30.65172
2nd BC;Egypt, 19th Upper Egyptian nome, Oxyrynchites [U19];192;13;28.542574;30.65172
6th AD;Egypt, 19th Upper Egyptian nome, Oxyrynchites [U19];3385;276;28.542574;30.65172
1st AD;Egypt, 19th Upper Egyptian nome, Oxyrynchites [U19];3617;486;28.542574;30.65172
4th AD;Egypt, 19th Upper Egyptian nome, Oxyrynchites [U19];4543;357;28.542574;30.65172
1st BC;Egypt, 19th Upper Egyptian nome, Oxyrynchites [U19];482;34;28.542574;30.65172
2nd AD;Egypt, 19th Upper Egyptian nome, Oxyrynchites [U19];6765;1024;28.542574;30.65172
3rd AD;Egypt, 19th Upper Egyptian nome, Oxyrynchites [U19];8401;1317;28.542574;30.65172
3rd BC;Egypt, 1st Lower Egyptian nome, Memphites [L01];1074;102;29.849491;31.255061
4th AD;Egypt, 1st Lower Egyptian nome, Memphites [L01];137;2;29.849491;31.255061
2nd BC;Egypt, 1st Lower Egyptian nome, Memphites [L01];2014;260;29.849491;31.255061
5th AD;Egypt, 1st Lower Egyptian nome, Memphites [L01];30;0;29.849491;31.255061
3rd AD;Egypt, 1st Lower Egyptian nome, Memphites [L01];328;45;29.849491;31.255061
6th AD;Egypt, 1st Lower Egyptian nome, Memphites [L01];33;0;29.849491;31.255061
2nd AD;Egypt, 1st Lower Egyptian nome, Memphites [L01];333;44;29.849491;31.255061
1st AD;Egypt, 1st Lower Egyptian nome, Memphites [L01];37;0;29.849491;31.255061
4th BC;Egypt, 1st Lower Egyptian nome, Memphites [L01];396;45;29.849491;31.255061
1st BC;Egypt, 1st Lower Egyptian nome, Memphites [L01];555;87;29.849491;31.255061
5th AD;Egypt, 1st Upper Egyptian nome, Elephantine, Kom Ombo [U01];126;25;24.45205278;32.92824444
4th AD;Egypt, 1st Upper Egyptian nome, Elephantine, Kom Ombo [U01];151;15;24.45205278;32.92824444
2nd AD;Egypt, 1st Upper Egyptian nome, Elephantine, Kom Ombo [U01];1949;270;24.45205278;32.92824444
3rd AD;Egypt, 1st Upper Egyptian nome, Elephantine, Kom Ombo [U01];308;34;24.45205278;32.92824444
2nd BC;Egypt, 1st Upper Egyptian nome, Elephantine, Kom Ombo [U01];386;19;24.45205278;32.92824444
6th AD;Egypt, 1st Upper Egyptian nome, Elephantine, Kom Ombo [U01];597;49;24.45205278;32.92824444
4th BC;Egypt, 1st Upper Egyptian nome, Elephantine, Kom Ombo [U01];66;2;24.45205278;32.92824444
1st BC;Egypt, 1st Upper Egyptian nome, Elephantine, Kom Ombo [U01];660;23;24.45205278;32.92824444
3rd BC;Egypt, 1st Upper Egyptian nome, Elephantine, Kom Ombo [U01];766;76;24.45205278;32.92824444
1st AD;Egypt, 1st Upper Egyptian nome, Elephantine, Kom Ombo [U01];905;23;24.45205278;32.92824444
4th BC;Egypt, 20th Lower Egyptian nome, Arabia [L20];1;0;30.720511;31.672164
3rd BC;Egypt, 20th Lower Egyptian nome, Arabia [L20];1;0;30.720511;31.672164
3rd AD;Egypt, 20th Lower Egyptian nome, Arabia [L20];3;0;30.720511;31.672164
2nd AD;Egypt, 20th Lower Egyptian nome, Arabia [L20];40;8;30.720511;31.672164
1st BC;Egypt, 20th Upper Egyptian nome, Herakleopolites [U20];2590;77;29.08554;30.934549
6th AD;Egypt, 20th Upper Egyptian nome, Herakleopolites [U20];284;22;29.08554;30.934549
2nd BC;Egypt, 20th Upper Egyptian nome, Herakleopolites [U20];3392;151;29.08554;30.934549
4th BC;Egypt, 20th Upper Egyptian nome, Herakleopolites [U20];52;9;29.08554;30.934549
4th AD;Egypt, 20th Upper Egyptian nome, Herakleopolites [U20];524;29;29.08554;30.934549
5th AD;Egypt, 20th Upper Egyptian nome, Herakleopolites [U20];567;59;29.08554;30.934549
2nd AD;Egypt, 20th Upper Egyptian nome, Herakleopolites [U20];627;71;29.08554;30.934549
3rd AD;Egypt, 20th Upper Egyptian nome, Herakleopolites [U20];711;148;29.08554;30.934549
3rd BC;Egypt, 20th Upper Egyptian nome, Herakleopolites [U20];865;34;29.08554;30.934549
1st AD;Egypt, 20th Upper Egyptian nome, Herakleopolites [U20];937;32;29.08554;30.934549
1st BC;Egypt, 21st Lower Egyptian nome, Phthemphouth [L21];27;0;30.7709265;31.004611
2nd BC;Egypt, 21st Lower Egyptian nome, Phthemphouth [L21];3;0;30.7709265;31.004611
3rd AD;Egypt, 21st Lower Egyptian nome, Phthemphouth [L21];4;0;30.7709265;31.004611
3rd BC;Egypt, 21st Lower Egyptian nome, Phthemphouth [L21];52;0;30.7709265;31.004611
1st AD;Egypt, 22nd Upper Egyptian nome, Aphroditopolites [U22];1;0;29.408419;31.25167
6th AD;Egypt, 22nd Upper Egyptian nome, Aphroditopolites [U22];1;0;29.408419;31.25167
3rd BC;Egypt, 22nd Upper Egyptian nome, Aphroditopolites [U22];11;0;29.408419;31.25167
3rd AD;Egypt, 22nd Upper Egyptian nome, Aphroditopolites [U22];15;2;29.408419;31.25167
2nd BC;Egypt, 22nd Upper Egyptian nome, Aphroditopolites [U22];21;4;29.408419;31.25167
1st BC;Egypt, 22nd Upper Egyptian nome, Aphroditopolites [U22];3;0;29.408419;31.25167
2nd AD;Egypt, 22nd Upper Egyptian nome, Aphroditopolites [U22];7;1;29.408419;31.25167
2nd AD;Egypt, 2nd Lower Egyptian nome, Letopolites [L02];14;0;30.1223455;31.1339825
4th BC;Egypt, 2nd Lower Egyptian nome, Letopolites [L02];3;1;30.1223455;31.1339825
1st BC;Egypt, 2nd Lower Egyptian nome, Letopolites [L02];3;0;30.1223455;31.1339825
3rd AD;Egypt, 2nd Lower Egyptian nome, Letopolites [L02];4;0;30.1223455;31.1339825
3rd BC;Egypt, 2nd Lower Egyptian nome, Letopolites [L02];5;1;30.1223455;31.1339825
2nd BC;Egypt, 2nd Lower Egyptian nome, Letopolites [L02];6;0;30.1223455;31.1339825
5th AD;Egypt, 2nd Upper Egyptian nome, Apollonopolites [U02];11;3;24.97953611;32.87329363
3rd BC;Egypt, 2nd Upper Egyptian nome, Apollonopolites [U02];1149;95;24.97953611;32.87329363
6th AD;Egypt, 2nd Upper Egyptian nome, Apollonopolites [U02];17;2;24.97953611;32.87329363
1st BC;Egypt, 2nd Upper Egyptian nome, Apollonopolites [U02];217;7;24.97953611;32.87329363
2nd AD;Egypt, 2nd Upper Egyptian nome, Apollonopolites [U02];387;31;24.97953611;32.87329363
4th AD;Egypt, 2nd Upper Egyptian nome, Apollonopolites [U02];46;0;24.97953611;32.87329363
3rd AD;Egypt, 2nd Upper Egyptian nome, Apollonopolites [U02];48;0;24.97953611;32.87329363
2nd BC;Egypt, 2nd Upper Egyptian nome, Apollonopolites [U02];527;16;24.97953611;32.87329363
1st AD;Egypt, 2nd Upper Egyptian nome, Apollonopolites [U02];590;20;24.97953611;32.87329363
4th BC;Egypt, 2nd Upper Egyptian nome, Apollonopolites [U02];91;13;24.97953611;32.87329363
4th BC;Egypt, 3rd Lower Egyptian nome, Gynaikopolites [L03];3;0;30.88758;30.573213
5th AD;Egypt, 3rd Lower Egyptian nome, Gynaikopolites [L03];1;0;30.88758;30.573213
4th AD;Egypt, 3rd Lower Egyptian nome, Gynaikopolites [L03];19;3;30.88758;30.573213
3rd BC;Egypt, 3rd Lower Egyptian nome, Gynaikopolites [L03];22;0;30.88758;30.573213
2nd BC;Egypt, 3rd Lower Egyptian nome, Gynaikopolites [L03];22;5;30.88758;30.573213
2nd AD;Egypt, 3rd Lower Egyptian nome, Gynaikopolites [L03];249;94;30.88758;30.573213
1st BC;Egypt, 3rd Lower Egyptian nome, Gynaikopolites [L03];26;4;30.88758;30.573213
1st AD;Egypt, 3rd Lower Egyptian nome, Gynaikopolites [L03];32;9;30.88758;30.573213
3rd AD;Egypt, 3rd Lower Egyptian nome, Gynaikopolites [L03];40;9;30.88758;30.573213
4th BC;Egypt, 3rd Lower Egyptian nome, Gynaikopolites [L03];5;0;30.88758;30.573213
2nd BC;Egypt, 3rd Upper Egyptian nome, Latopolites [U03];160;18;25.27350443;32.54545418
3rd AD;Egypt, 3rd Upper Egyptian nome, Latopolites [U03];2;0;25.27350443;32.54545418
6th AD;Egypt, 3rd Upper Egyptian nome, Latopolites [U03];2;1;25.27350443;32.54545418
2nd AD;Egypt, 3rd Upper Egyptian nome, Latopolites [U03];378;19;25.27350443;32.54545418
4th AD;Egypt, 3rd Upper Egyptian nome, Latopolites [U03];4;0;25.27350443;32.54545418
1st AD;Egypt, 3rd Upper Egyptian nome, Latopolites [U03];47;5;25.27350443;32.54545418
3rd BC;Egypt, 3rd Upper Egyptian nome, Latopolites [U03];8;0;25.27350443;32.54545418
1st BC;Egypt, 3rd Upper Egyptian nome, Latopolites [U03];8;2;25.27350443;32.54545418
3rd AD;Egypt, 4th Lower Egyptian nome, Prosopites [L04];101;1;30.43752167;30.74655909
2nd BC;Egypt, 4th Lower Egyptian nome, Prosopites [L04];12;0;30.43752167;30.74655909
4th AD;Egypt, 4th Lower Egyptian nome, Prosopites [L04];2;0;30.43752167;30.74655909
2nd AD;Egypt, 4th Lower Egyptian nome, Prosopites [L04];298;77;30.43752167;30.74655909
1st AD;Egypt, 4th Lower Egyptian nome, Prosopites [L04];8;0;30.43752167;30.74655909
6th AD;Egypt, 4th Upper Egyptian nome, Pathyrites [U04a];139;10;25.369659;32.473946
1st BC;Egypt, 4th Upper Egyptian nome, Pathyrites [U04a];1423;119;25.369659;32.473946
4th BC;Egypt, 4th Upper Egyptian nome, Pathyrites [U04a];16;2;25.369659;32.473946
5th AD;Egypt, 4th Upper Egyptian nome, Pathyrites [U04a];17;0;25.369659;32.473946
1st AD;Egypt, 4th Upper Egyptian nome, Pathyrites [U04a];193;12;25.369659;32.473946
2nd AD;Egypt, 4th Upper Egyptian nome, Pathyrites [U04a];233;12;25.369659;32.473946
2nd BC;Egypt, 4th Upper Egyptian nome, Pathyrites [U04a];4224;333;25.369659;32.473946
3rd BC;Egypt, 4th Upper Egyptian nome, Pathyrites [U04a];440;27;25.369659;32.473946
4th AD;Egypt, 4th Upper Egyptian nome, Pathyrites [U04a];521;18;25.369659;32.473946
3rd AD;Egypt, 4th Upper Egyptian nome, Pathyrites [U04a];94;10;25.369659;32.473946
5th AD;Egypt, 4th Upper Egyptian nome, Peri Thebas [U04b];10;0;25.68502752;32.6355911
2nd AD;Egypt, 4th Upper Egyptian nome, Peri Thebas [U04b];10023;815;25.68502752;32.6355911
3rd AD;Egypt, 4th Upper Egyptian nome, Peri Thebas [U04b];1920;118;25.68502752;32.6355911
1st BC;Egypt, 4th Upper Egyptian nome, Peri Thebas [U04b];2226;152;25.68502752;32.6355911
1st AD;Egypt, 4th Upper Egyptian nome, Peri Thebas [U04b];3178;163;25.68502752;32.6355911
4th AD;Egypt, 4th Upper Egyptian nome, Peri Thebas [U04b];318;16;25.68502752;32.6355911
3rd BC;Egypt, 4th Upper Egyptian nome, Peri Thebas [U04b];4686;547;25.68502752;32.6355911
2nd BC;Egypt, 4th Upper Egyptian nome, Peri Thebas [U04b];7352;515;25.68502752;32.6355911
6th AD;Egypt, 4th Upper Egyptian nome, Peri Thebas [U04b];903;40;25.68502752;32.6355911
4th BC;Egypt, 4th Upper Egyptian nome, Peri Thebas [U04b];988;175;25.68502752;32.6355911
1st BC;Egypt, 5th Lower Egyptian nome, Saites [L05];10;1;30.900306;30.592078
3rd BC;Egypt, 5th Lower Egyptian nome, Saites [L05];110;10;30.900306;30.592078
4th BC;Egypt, 5th Lower Egyptian nome, Saites [L05];12;3;30.900306;30.592078
2nd BC;Egypt, 5th Lower Egyptian nome, Saites [L05];19;5;30.900306;30.592078
1st AD;Egypt, 5th Lower Egyptian nome, Saites [L05];3;0;30.900306;30.592078
2nd AD;Egypt, 5th Lower Egyptian nome, Saites [L05];4;0;30.900306;30.592078
3rd AD;Egypt, 5th Lower Egyptian nome, Saites [L05];4;0;30.900306;30.592078
3rd AD;Egypt, 5th Upper Egyptian nome, Koptites [U05];1;0;25.996402;32.815787
4th AD;Egypt, 5th Upper Egyptian nome, Koptites [U05];11;0;25.996402;32.815787
2nd BC;Egypt, 5th Upper Egyptian nome, Koptites [U05];122;0;25.996402;32.815787
1st BC;Egypt, 5th Upper Egyptian nome, Koptites [U05];268;2;25.996402;32.815787
1st AD;Egypt, 5th Upper Egyptian nome, Koptites [U05];276;7;25.996402;32.815787
6th AD;Egypt, 5th Upper Egyptian nome, Koptites [U05];5;0;25.996402;32.815787
3rd BC;Egypt, 5th Upper Egyptian nome, Koptites [U05];69;6;25.996402;32.815787
4th BC;Egypt, 5th Upper Egyptian nome, Koptites [U05];7;3;25.996402;32.815787
3rd AD;Egypt, 5th Upper Egyptian nome, Koptites [U05];76;8;25.996402;32.815787
2nd AD;Egypt, 5th Upper Egyptian nome, Koptites [U05];82;10;25.996402;32.815787
4th BC;Egypt, 6th Lower Egyptian nome, Xoites [L06];1;0;31.108961;30.93728
1st BC;Egypt, 6th Lower Egyptian nome, Xoites [L06];2;0;31.108961;30.93728
3rd AD;Egypt, 6th Lower Egyptian nome, Xoites [L06];2;0;31.108961;30.93728
4th AD;Egypt, 6th Lower Egyptian nome, Xoites [L06];2;0;31.108961;30.93728
2nd BC;Egypt, 6th Lower Egyptian nome, Xoites [L06];7;1;31.108961;30.93728
2nd AD;Egypt, 6th Lower Egyptian nome, Xoites [L06];7;0;31.108961;30.93728
6th AD;Egypt, 6th Upper Egyptian nome, Tentyrites [U06];15;0;26.141775;32.67009722
3rd BC;Egypt, 6th Upper Egyptian nome, Tentyrites [U06];2;0;26.141775;32.67009722
2nd BC;Egypt, 6th Upper Egyptian nome, Tentyrites [U06];20;3;26.141775;32.67009722
1st BC;Egypt, 6th Upper Egyptian nome, Tentyrites [U06];354;71;26.141775;32.67009722
1st AD;Egypt, 6th Upper Egyptian nome, Tentyrites [U06];383;71;26.141775;32.67009722
4th BC;Egypt, 6th Upper Egyptian nome, Tentyrites [U06];6;3;26.141775;32.67009722
5th AD;Egypt, 6th Upper Egyptian nome, Tentyrites [U06];63;1;26.141775;32.67009722
2nd AD;Egypt, 6th Upper Egyptian nome, Tentyrites [U06];65;3;26.141775;32.67009722
3rd AD;Egypt, 6th Upper Egyptian nome, Tentyrites [U06];8;1;26.141775;32.67009722
4th AD;Egypt, 6th Upper Egyptian nome, Tentyrites [U06];9;0;26.141775;32.67009722
2nd BC;Egypt, 7th Lower Egyptian nome, Menelaites [L07];11;4;31.13965;30.192032
2nd AD;Egypt, 7th Lower Egyptian nome, Menelaites [L07];12;0;31.13965;30.192032
4th BC;Egypt, 7th Lower Egyptian nome, Menelaites [L07];3;1;31.13965;30.192032
3rd BC;Egypt, 7th Lower Egyptian nome, Menelaites [L07];3;1;31.13965;30.192032
1st AD;Egypt, 7th Lower Egyptian nome, Menelaites [L07];4;0;31.13965;30.192032
1st BC;Egypt, 7th Lower Egyptian nome, Menelaites [L07];8;3;31.13965;30.192032
3rd AD;Egypt, 7th Lower Egyptian nome, Menelaites [L07];8;1;31.13965;30.192032
1st AD;Egypt, 7th Upper Egyptian nome, Diospolites Mikros [U07];14;2;26.00258;32.31196
3rd AD;Egypt, 7th Upper Egyptian nome, Diospolites Mikros [U07];15;2;26.00258;32.31196
1st BC;Egypt, 7th Upper Egyptian nome, Diospolites Mikros [U07];25;3;26.00258;32.31196
2nd AD;Egypt, 7th Upper Egyptian nome, Diospolites Mikros [U07];25;2;26.00258;32.31196
4th AD;Egypt, 7th Upper Egyptian nome, Diospolites Mikros [U07];320;13;26.00258;32.31196
3rd BC;Egypt, 7th Upper Egyptian nome, Diospolites Mikros [U07];365;15;26.00258;32.31196
2nd BC;Egypt, 7th Upper Egyptian nome, Diospolites Mikros [U07];54;8;26.00258;32.31196
1st BC;Egypt, 8th Lower Egyptian nome, Heroopolites [L08];2;1;30.552892;32.099321
2nd AD;Egypt, 8th Lower Egyptian nome, Heroopolites [L08];8;2;30.552892;32.099321
5th AD;Egypt, 8th Upper Egyptian nome, Thinites [U08];1;0;26.341487;31.841893
2nd BC;Egypt, 8th Upper Egyptian nome, Thinites [U08];229;23;26.341487;31.841893
6th AD;Egypt, 8th Upper Egyptian nome, Thinites [U08];24;3;26.341487;31.841893
3rd BC;Egypt, 8th Upper Egyptian nome, Thinites [U08];244;15;26.341487;31.841893
1st BC;Egypt, 8th Upper Egyptian nome, Thinites [U08];41;9;26.341487;31.841893
4th BC;Egypt, 8th Upper Egyptian nome, Thinites [U08];49;4;26.341487;31.841893
3rd AD;Egypt, 8th Upper Egyptian nome, Thinites [U08];57;12;26.341487;31.841893
4th AD;Egypt, 8th Upper Egyptian nome, Thinites [U08];6;0;26.341487;31.841893
1st AD;Egypt, 8th Upper Egyptian nome, Thinites [U08];66;10;26.341487;31.841893
2nd AD;Egypt, 8th Upper Egyptian nome, Thinites [U08];97;16;26.341487;31.841893
2nd AD;Egypt, 9th Lower Egyptian nome, Bousirites [L09];15;1;30.913368;31.2387955
4th AD;Egypt, 9th Lower Egyptian nome, Bousirites [L09];5;0;30.913368;31.2387955
2nd AD;Egypt, 9th Upper Egyptian nome, Panopolites [U09];1357;413;26.565878;31.746075
1st BC;Egypt, 9th Upper Egyptian nome, Panopolites [U09];147;30;26.565878;31.746075
2nd BC;Egypt, 9th Upper Egyptian nome, Panopolites [U09];157;37;26.565878;31.746075
3rd AD;Egypt, 9th Upper Egyptian nome, Panopolites [U09];2056;629;26.565878;31.746075
3rd BC;Egypt, 9th Upper Egyptian nome, Panopolites [U09];206;47;26.565878;31.746075
5th AD;Egypt, 9th Upper Egyptian nome, Panopolites [U09];41;5;26.565878;31.746075
4th BC;Egypt, 9th Upper Egyptian nome, Panopolites [U09];44;11;26.565878;31.746075
6th AD;Egypt, 9th Upper Egyptian nome, Panopolites [U09];60;11;26.565878;31.746075
4th AD;Egypt, 9th Upper Egyptian nome, Panopolites [U09];874;96;26.565878;31.746075
1st AD;Egypt, 9th Upper Egyptian nome, Panopolites [U09];961;78;26.565878;31.746075
2nd AD;Egypt, Alexandria [L00];1425;127;31.19824567;29.90791467
4th BC;Egypt, Alexandria [L00];15;2;31.19824567;29.90791467
4th AD;Egypt, Alexandria [L00];231;22;31.19824567;29.90791467
2nd BC;Egypt, Alexandria [L00];287;34;31.19824567;29.90791467
1st AD;Egypt, Alexandria [L00];317;34;31.19824567;29.90791467
6th AD;Egypt, Alexandria [L00];39;1;31.19824567;29.90791467
3rd AD;Egypt, Alexandria [L00];565;81;31.19824567;29.90791467
3rd BC;Egypt, Alexandria [L00];629;62;31.19824567;29.90791467
5th AD;Egypt, Alexandria [L00];66;6;31.19824567;29.90791467
1st BC;Egypt, Alexandria [L00];790;130;31.19824567;29.90791467
5th AD;Egypt, Arsinoites [00];220;5;29.320878;30.835832
3rd AD;Egypt, Arsinoites [00];2282;173;29.320878;30.835832
1st AD;Egypt, Arsinoites [00];2326;230;29.320878;30.835832
2nd BC;Egypt, Arsinoites [00];2538;244;29.320878;30.835832
4th BC;Egypt, Arsinoites [00];3;0;29.320878;30.835832
1st BC;Egypt, Arsinoites [00];586;27;29.320878;30.835832
3rd BC;Egypt, Arsinoites [00];8345;726;29.320878;30.835832
6th AD;Egypt, Arsinoites [00];861;34;29.320878;30.835832
2nd AD;Egypt, Arsinoites [00];8934;789;29.320878;30.835832
4th AD;Egypt, Arsinoites [00];910;40;29.320878;30.835832
5th AD;Egypt, Arsinoites, city area of Arsinoe [00d];101;9;29.320878;30.835832
3rd AD;Egypt, Arsinoites, city area of Arsinoe [00d];1023;145;29.320878;30.835832
1st AD;Egypt, Arsinoites, city area of Arsinoe [00d];2691;458;29.320878;30.835832
4th AD;Egypt, Arsinoites, city area of Arsinoe [00d];277;46;29.320878;30.835832
2nd BC;Egypt, Arsinoites, city area of Arsinoe [00d];378;36;29.320878;30.835832
2nd AD;Egypt, Arsinoites, city area of Arsinoe [00d];3780;517;29.320878;30.835832
4th BC;Egypt, Arsinoites, city area of Arsinoe [00d];4;1;29.320878;30.835832
6th AD;Egypt, Arsinoites, city area of Arsinoe [00d];611;26;29.320878;30.835832
1st BC;Egypt, Arsinoites, city area of Arsinoe [00d];80;2;29.320878;30.835832
3rd BC;Egypt, Arsinoites, city area of Arsinoe [00d];996;130;29.320878;30.835832
3rd BC;Egypt, Arsinoites, meris of Herakleides [00a];8;1;29.39758164;30.93348125
6th AD;Egypt, Arsinoites, meris of Herakleides [00a];108;7;29.39758164;30.93348125
4th BC;Egypt, Arsinoites, meris of Herakleides [00a];154;9;29.39758164;30.93348125
2nd BC;Egypt, Arsinoites, meris of Herakleides [00a];1595;97;29.39758164;30.93348125
2nd AD;Egypt, Arsinoites, meris of Herakleides [00a];18863;2481;29.39758164;30.93348125
3rd BC;Egypt, Arsinoites, meris of Herakleides [00a];1895;83;29.39758164;30.93348125
4th AD;Egypt, Arsinoites, meris of Herakleides [00a];3979;176;29.39758164;30.93348125
5th AD;Egypt, Arsinoites, meris of Herakleides [00a];52;1;29.39758164;30.93348125
3rd AD;Egypt, Arsinoites, meris of Herakleides [00a];6208;362;29.39758164;30.93348125
1st BC;Egypt, Arsinoites, meris of Herakleides [00a];655;60;29.39758164;30.93348125
1st AD;Egypt, Arsinoites, meris of Herakleides [00a];8435;656;29.39758164;30.93348125
4th AD;Egypt, Arsinoites, meris of Polemon [00c];103;6;29.19424775;30.75032713
1st BC;Egypt, Arsinoites, meris of Polemon [00c];1069;65;29.19424775;30.75032713
3rd AD;Egypt, Arsinoites, meris of Polemon [00c];1162;151;29.19424775;30.75032713
6th AD;Egypt, Arsinoites, meris of Polemon [00c];121;13;29.19424775;30.75032713
3rd BC;Egypt, Arsinoites, meris of Polemon [00c];1675;102;29.19424775;30.75032713
1st AD;Egypt, Arsinoites, meris of Polemon [00c];4746;569;29.19424775;30.75032713
2nd BC;Egypt, Arsinoites, meris of Polemon [00c];6000;195;29.19424775;30.75032713
2nd AD;Egypt, Arsinoites, meris of Polemon [00c];6010;797;29.19424775;30.75032713
5th AD;Egypt, Arsinoites, meris of Polemon [00c];8;0;29.19424775;30.75032713
4th AD;Egypt, Arsinoites, meris of Themistos [00b];1047;56;29.34548986;30.70123636
2nd AD;Egypt, Arsinoites, meris of Themistos [00b];10960;1248;29.34548986;30.70123636
5th AD;Egypt, Arsinoites, meris of Themistos [00b];12;0;29.34548986;30.70123636
6th AD;Egypt, Arsinoites, meris of Themistos [00b];15;1;29.34548986;30.70123636
1st BC;Egypt, Arsinoites, meris of Themistos [00b];153;7;29.34548986;30.70123636
3rd BC;Egypt, Arsinoites, meris of Themistos [00b];1671;254;29.34548986;30.70123636
3rd AD;Egypt, Arsinoites, meris of Themistos [00b];2011;117;29.34548986;30.70123636
2nd BC;Egypt, Arsinoites, meris of Themistos [00b];740;29;29.34548986;30.70123636
1st AD;Egypt, Arsinoites, meris of Themistos [00b];869;93;29.34548986;30.70123636
6th AD;Egypt, Eastern desert;1;0;;
3rd BC;Egypt, Eastern desert;157;10;;
1st BC;Egypt, Eastern desert;167;3;;
5th AD;Egypt, Eastern desert;2;0;;
1st AD;Egypt, Eastern desert;2052;71;;
2nd AD;Egypt, Eastern desert;2727;105;;
3rd AD;Egypt, Eastern desert;447;24;;
4th BC;Egypt, Eastern desert;48;1;;
4th AD;Egypt, Eastern desert;6;0;;
2nd BC;Egypt, Eastern desert;85;0;;
1st AD;Egypt, Northern Sinai;1;0;31.111755;33.796926
6th AD;Egypt, Northern Sinai;1;0;31.111755;33.796926
5th AD;Egypt, Northern Sinai;11;3;31.111755;33.796926
4th AD;Egypt, Northern Sinai;17;0;31.111755;33.796926
3rd BC;Egypt, Northern Sinai;2;0;31.111755;33.796926
1st BC;Egypt, Northern Sinai;4;0;31.111755;33.796926
2nd AD;Egypt, Western coast;1;0;;
4th BC;Egypt, Western coast;2;0;;
3rd BC;Egypt, Western coast;2;0;;
6th AD;Egypt, Western coast;2;1;;
1st BC;Egypt, Western coast;3;0;;
5th AD;Egypt, Western coast;5;2;;
1st AD;Egypt, Western desert, Ammoniake;2;0;29.20517333;25.54352967
3rd BC;Egypt, Western desert, Ammoniake;3;0;29.20517333;25.54352967
2nd AD;Egypt, Western desert, Ammoniake;66;1;29.20517333;25.54352967
4th BC;Egypt, Western desert, Ammoniake;7;0;29.20517333;25.54352967
3rd AD;Egypt, Western desert, Ammoniake;7;2;29.20517333;25.54352967
6th AD;Egypt, Western desert, Oasis Magna;1;0;25.442859;30.558298
2nd BC;Egypt, Western desert, Oasis Magna;122;2;25.442859;30.558298
3rd BC;Egypt, Western desert, Oasis Magna;15;0;25.442859;30.558298
2nd AD;Egypt, Western desert, Oasis Magna;167;18;25.442859;30.558298
4th BC;Egypt, Western desert, Oasis Magna;18;2;25.442859;30.558298
5th AD;Egypt, Western desert, Oasis Magna;1825;58;25.442859;30.558298
4th AD;Egypt, Western desert, Oasis Magna;4080;291;25.442859;30.558298
1st BC;Egypt, Western desert, Oasis Magna;53;0;25.442859;30.558298
3rd AD;Egypt, Western desert, Oasis Magna;544;44;25.442859;30.558298
1st AD;Egypt, Western desert, Oasis Magna;71;5;25.442859;30.558298
3rd AD;Egypt, Western desert, Oasis Parva;5;2;28.386613;28.910334
4th AD;Egypt, Western desert, Oasis Parva;100;8;28.386613;28.910334
1st AD;Egypt, Western desert, Oasis Parva;13;2;28.386613;28.910334
3rd AD;Egypt, Western desert, Oasis Parva;18;3;28.386613;28.910334
1st BC;Egypt, Western desert, Oasis Parva;2;0;28.386613;28.910334
2nd BC;Egypt, Western desert, Oasis Parva;2096;25;28.386613;28.910334
2nd AD;Egypt, Western desert, Oasis Parva;25;5;28.386613;28.910334
4th BC;Egypt, Western desert, Oasis Parva;3;1;28.386613;28.910334
5th AD;Egypt, Western desert, Oasis Parva;86;2;28.386613;28.910334
6th AD;Egypt;1005;80;;
1st AD;Egypt;1280;148;;
4th AD;Egypt;1822;153;;
3rd AD;Egypt;2630;353;;
2nd AD;Egypt;3679;444;;
1st BC;Egypt;587;35;;
5th AD;Egypt;693;33;;
4th BC;Egypt;84;25;;
2nd BC;Egypt;921;95;;
3rd BC;Egypt;922;98;;
5th AD;Lower Egypt [L];1;0;;
3rd AD;Lower Egypt [L];100;4;;
4th BC;Lower Egypt [L];13;2;;
1st BC;Lower Egypt [L];2;1;;
2nd BC;Lower Egypt [L];27;2;;
4th AD;Lower Egypt [L];3;1;;
3rd BC;Lower Egypt [L];42;1;;
2nd AD;Lower Egypt [L];96;7;;
2nd AD;Upper Egypt [U];1086;84;;
1st AD;Upper Egypt [U];181;8;;
4th AD;Upper Egypt [U];181;6;;
2nd BC;Upper Egypt [U];210;19;;
3rd AD;Upper Egypt [U];211;21;;
4th BC;Upper Egypt [U];3;0;;
6th AD;Upper Egypt [U];31;3;;
3rd BC;Upper Egypt [U];72;7;;
5th AD;Upper Egypt [U];;;;
1st BC;Upper Egypt [U];96;14;;
