wals code;name;value;description;latitude;longitude;genus;family;area
xoo;!Xóõ;2;Words derived from Min Nan Chinese te;-24;21.5;Tu;Tu;Lexicon
abz;Abaza;1;Words derived from Sinitic cha;44;42;Northwest Caucasian;Northwest Caucasian;Lexicon
ace;Acehnese;2;Words derived from Min Nan Chinese te;5.5;95.5;Malayo-Sumbawan;Austronesian;Lexicon
afr;Afrikaans;2;Words derived from Min Nan Chinese te;-31;22;Germanic;Indo-European;Lexicon
aht;Ahtna;1;Words derived from Sinitic cha;62;-145;Athapaskan;Na-Dene;Lexicon
abm;Alabama;3;Others;32.33333333;-87.41666667;Muskogean;Muskogean;Lexicon
alb;Albanian;1;Words derived from Sinitic cha;41;20;Albanian;Indo-European;Lexicon
alt;Alsatian;2;Words derived from Min Nan Chinese te;48.5;7.5;Germanic;Indo-European;Lexicon
amh;Amharic;1;Words derived from Sinitic cha;10;38;Semitic;Afro-Asiatic;Lexicon
aeg;Arabic (Egyptian);1;Words derived from Sinitic cha;30;31;Semitic;Afro-Asiatic;Lexicon
arm;Armenian (Eastern);2;Words derived from Min Nan Chinese te;40;45;Armenian;Indo-European;Lexicon
ass;Assamese;1;Words derived from Sinitic cha;26;93;Indic;Indo-European;Lexicon
ast;Asturian;2;Words derived from Min Nan Chinese te;43.25;-6;Romance;Indo-European;Lexicon
ata;Atayal;3;Others;24.5;121.3333333;Atayalic;Austronesian;Lexicon
aze;Azerbaijani;1;Words derived from Sinitic cha;40.5;48.5;Turkic;Altaic;Lexicon
bdg;Badaga;2;Words derived from Min Nan Chinese te;11.66666667;76.75;Dravidian;Dravidian;Lexicon
bal;Balinese;2;Words derived from Min Nan Chinese te;-8.333333333;115.25;Malayo-Sumbawan;Austronesian;Lexicon
blc;Baluchi;1;Words derived from Sinitic cha;28;62;Iranian;Indo-European;Lexicon
bam;Bambara;3;Others;12.5;-7.5;Western Mande;Mande;Lexicon
bsk;Bashkir;1;Words derived from Sinitic cha;53;58;Turkic;Altaic;Lexicon
bsq;Basque;1;Words derived from Sinitic cha;43;-3;Basque;Basque;Lexicon
blr;Belorussian;1;Words derived from Sinitic cha;54;28;Slavic;Indo-European;Lexicon
ben;Bengali;1;Words derived from Sinitic cha;24;90;Indic;Indo-European;Lexicon
bma;Berber (Middle Atlas);3;Others;33;-5;Berber;Afro-Asiatic;Lexicon
bre;Breton;2;Words derived from Min Nan Chinese te;48;-3;Celtic;Indo-European;Lexicon
bru;Bru (Eastern);2;Words derived from Min Nan Chinese te;17.33333333;106;Katuic;Austro-Asiatic;Lexicon
bul;Bulgarian;1;Words derived from Sinitic cha;42.5;25;Slavic;Indo-European;Lexicon
but;Buriat;1;Words derived from Sinitic cha;52;108;Mongolic;Altaic;Lexicon
brj;Burji;1;Words derived from Sinitic cha;5.5;37.83333333;Highland East Cushitic;Afro-Asiatic;Lexicon
brm;Burmese;3;Others;21;96;Burmese-Lolo;Sino-Tibetan;Lexicon
bur;Burushaski;1;Words derived from Sinitic cha;36.5;74.5;Burushaski;Burushaski;Lexicon
cnt;Cantonese;1;Words derived from Sinitic cha;23;113;Chinese;Sino-Tibetan;Lexicon
ctl;Catalan;2;Words derived from Min Nan Chinese te;41.75;2;Romance;Indo-European;Lexicon
ceb;Cebuano;1;Words derived from Sinitic cha;10;124;Greater Central Philippine;Austronesian;Lexicon
cme;Cham (Eastern);1;Words derived from Sinitic cha;11.33333333;108.5;Malayo-Sumbawan;Austronesian;Lexicon
cha;Chamorro;1;Words derived from Sinitic cha;13.45;144.75;Chamorro;Austronesian;Lexicon
chn;Chantyal;1;Words derived from Sinitic cha;28.58333333;83.41666667;Bodic;Sino-Tibetan;Lexicon
chc;Chechen;1;Words derived from Sinitic cha;43.25;45.83333333;Nakh;Nakh-Daghestanian;Lexicon
cmh;Chemehuevi;2;Words derived from Min Nan Chinese te;34.33333333;-115.1666667;Northern Uto-Aztecan;Uto-Aztecan;Lexicon
che;Cherokee;3;Others;35.5;-83.5;Southern Iroquoian;Iroquoian;Lexicon
cyn;Cheyenne;3;Others;47;-95;Algonquian;Algic;Lexicon
cic;Chichewa;2;Words derived from Min Nan Chinese te;-14;34;Bantu;Niger-Congo;Lexicon
chp;Chipewyan;2;Words derived from Min Nan Chinese te;59;-106;Athapaskan;Na-Dene;Lexicon
chr;Chrau;1;Words derived from Sinitic cha;10.75;107.5;Bahnaric;Austro-Asiatic;Lexicon
crh;Chru;2;Words derived from Min Nan Chinese te;11.5;108.5;Malayo-Sumbawan;Austronesian;Lexicon
chv;Chuvash;1;Words derived from Sinitic cha;55.5;47.5;Turkic;Altaic;Lexicon
ccp;Cocopa;2;Words derived from Min Nan Chinese te;32.33333333;-115;Yuman;Hokan;Lexicon
com;Comorian;1;Words derived from Sinitic cha;-12;44;Bantu;Niger-Congo;Lexicon
cre;Cree (Plains);3;Others;54;-110;Algonquian;Algic;Lexicon
cua;Cua;2;Words derived from Min Nan Chinese te;15.25;108.5;Bahnaric;Austro-Asiatic;Lexicon
cze;Czech;1;Words derived from Sinitic cha;50;15;Slavic;Indo-European;Lexicon
dga;Dagaare;2;Words derived from Min Nan Chinese te;10.5;-2.666666667;Oti-Volta;Niger-Congo;Lexicon
dah;Dahalo;1;Words derived from Sinitic cha;-2.333333333;40.5;Dahalo;Afro-Asiatic;Lexicon
dsh;Danish;2;Words derived from Min Nan Chinese te;56;10;Germanic;Indo-European;Lexicon
dhi;Dhivehi;1;Words derived from Sinitic cha;4.166666667;73.5;Indic;Indo-European;Lexicon
din;Dinka;1;Words derived from Sinitic cha;8.5;28;Western Nilotic;Eastern Sudanic;Lexicon
dio;Diola-Fogny;2;Words derived from Min Nan Chinese te;13;-16.25;Jola;Niger-Congo;Lexicon
dua;Duala;2;Words derived from Min Nan Chinese te;4;9.416666667;Bantu;Niger-Congo;Lexicon
dut;Dutch;2;Words derived from Min Nan Chinese te;52.5;6;Germanic;Indo-European;Lexicon
eng;English;2;Words derived from Min Nan Chinese te;52;0;Germanic;Indo-European;Lexicon
est;Estonian;2;Words derived from Min Nan Chinese te;59;26;Finnic;Uralic;Lexicon
evn;Even;1;Words derived from Sinitic cha;68;130;Tungusic;Altaic;Lexicon
eve;Evenki;1;Words derived from Sinitic cha;56;125;Tungusic;Altaic;Lexicon
ewe;Ewe;2;Words derived from Min Nan Chinese te;6.333333333;0.416666667;Gbe;Niger-Congo;Lexicon
ewo;Ewondo;2;Words derived from Min Nan Chinese te;4;12;Bantu;Niger-Congo;Lexicon
fin;Finnish;2;Words derived from Min Nan Chinese te;62;25;Finnic;Uralic;Lexicon
fre;French;2;Words derived from Min Nan Chinese te;48;2;Romance;Indo-European;Lexicon
fli;Ful (Liptako);3;Others;13.5;0.5;Peul-Serer;Niger-Congo;Lexicon
fua;Fulfulde (Adamawa);1;Words derived from Sinitic cha;9.166666667;13.5;Peul-Serer;Niger-Congo;Lexicon
gml;Gamilaraay;2;Words derived from Min Nan Chinese te;-29.83333333;149.5;Southeastern Pama-Nyungan;Pama-Nyungan;Lexicon
geo;Georgian;1;Words derived from Sinitic cha;42;44;Kartvelian;Kartvelian;Lexicon
ger;German;2;Words derived from Min Nan Chinese te;52;10;Germanic;Indo-European;Lexicon
grt;Gorontalo;2;Words derived from Min Nan Chinese te;0.5;122;Greater Central Philippine;Austronesian;Lexicon
grk;Greek (Modern);1;Words derived from Sinitic cha;39;22;Greek;Indo-European;Lexicon
gdl;Guadeloupe Creole;2;Words derived from Min Nan Chinese te;16.25;-61.5;Creoles and Pidgins;other;Lexicon
gua;Guaraní;2;Words derived from Min Nan Chinese te;-26;-56;Maweti-Guarani;Tupian;Lexicon
guj;Gujarati;1;Words derived from Sinitic cha;23;72;Indic;Indo-European;Lexicon
hau;Hausa;1;Words derived from Sinitic cha;12;7;West Chadic;Afro-Asiatic;Lexicon
haw;Hawaiian;3;Others;19.58333333;-155.5;Oceanic;Austronesian;Lexicon
heb;Hebrew (Modern);2;Words derived from Min Nan Chinese te;31.5;34.83333333;Semitic;Afro-Asiatic;Lexicon
hil;Hiligaynon;1;Words derived from Sinitic cha;10.25;123;Greater Central Philippine;Austronesian;Lexicon
hin;Hindi;1;Words derived from Sinitic cha;25;77;Indic;Indo-European;Lexicon
hre;Hre;2;Words derived from Min Nan Chinese te;14.66666667;108.6666667;Bahnaric;Austro-Asiatic;Lexicon
hun;Hungarian;2;Words derived from Min Nan Chinese te;47;20;Ugric;Uralic;Lexicon
ice;Icelandic;2;Words derived from Min Nan Chinese te;65;-17;Germanic;Indo-European;Lexicon
ind;Indonesian;2;Words derived from Min Nan Chinese te;0;106;Malayo-Sumbawan;Austronesian;Lexicon
ing;Ingush;1;Words derived from Sinitic cha;43.16666667;45.08333333;Nakh;Nakh-Daghestanian;Lexicon
iri;Irish;2;Words derived from Min Nan Chinese te;53;-8;Celtic;Indo-European;Lexicon
ita;Italian;2;Words derived from Min Nan Chinese te;43;12;Romance;Indo-European;Lexicon
inu;Iñupiaq;3;Others;67;-161;Eskimo;Eskimo-Aleut;Lexicon
jpn;Japanese;1;Words derived from Sinitic cha;37;140;Japanese;Japanese;Lexicon
jav;Javanese;2;Words derived from Min Nan Chinese te;-7;111;Javanese;Austronesian;Lexicon
jmo;Jur Mödö;1;Words derived from Sinitic cha;6;30;Bongo-Bagirmi;Central Sudanic;Lexicon
juh;Ju|'hoan;2;Words derived from Min Nan Chinese te;-19;21;Ju-Kung;Kxa;Lexicon
kab;Kabardian;1;Words derived from Sinitic cha;43.5;43.5;Northwest Caucasian;Northwest Caucasian;Lexicon
kbl;Kabyle;3;Others;36.5;5;Berber;Afro-Asiatic;Lexicon
kmk;Kalmyk;1;Words derived from Sinitic cha;44;83;Mongolic;Altaic;Lexicon
knr;Kanuri;2;Words derived from Min Nan Chinese te;12;13;Western Saharan;Saharan;Lexicon
krm;Karaim;1;Words derived from Sinitic cha;54.66666667;24.91666667;Turkic;Altaic;Lexicon
kkp;Karakalpak;1;Words derived from Sinitic cha;43;60;Turkic;Altaic;Lexicon
ksg;Karen (Sgaw);3;Others;18;97;Karen;Sino-Tibetan;Lexicon
krk;Karok;3;Others;41.66666667;-123;Karok;Hokan;Lexicon
kaz;Kazakh;1;Words derived from Sinitic cha;50;70;Turkic;Altaic;Lexicon
keu;Kenyah (Uma' Lung);2;Words derived from Min Nan Chinese te;3;115.8333333;North Borneo;Austronesian;Lexicon
ket;Ket;3;Others;64;87;Yeniseian;Yeniseian;Lexicon
khk;Khakas;1;Words derived from Sinitic cha;53;90;Turkic;Altaic;Lexicon
kha;Khalkha;1;Words derived from Sinitic cha;47;105;Mongolic;Altaic;Lexicon
khs;Khasi;1;Words derived from Sinitic cha;25.5;92;Khasian;Austro-Asiatic;Lexicon
khm;Khmer;2;Words derived from Min Nan Chinese te;12.5;105;Khmer;Austro-Asiatic;Lexicon
kik;Kikuyu;1;Words derived from Sinitic cha;-0.75;36.75;Bantu;Niger-Congo;Lexicon
kin;Kinyarwanda;1;Words derived from Sinitic cha;-2;30;Bantu;Niger-Congo;Lexicon
kgz;Kirghiz;1;Words derived from Sinitic cha;42;75;Turkic;Altaic;Lexicon
koi;Koiari;2;Words derived from Min Nan Chinese te;-9.5;147.3333333;Koiarian;Trans-New Guinea;Lexicon
kkn;Konkani;1;Words derived from Sinitic cha;15.25;74;Indic;Indo-European;Lexicon
kor;Korean;1;Words derived from Sinitic cha;37.5;128;Korean;Korean;Lexicon
kry;Koryak;1;Words derived from Sinitic cha;61;167;Northern Chukotko-Kamchatkan;Chukotko-Kamchatkan;Lexicon
kos;Kosraean;2;Words derived from Min Nan Chinese te;5.3;163;Oceanic;Austronesian;Lexicon
kse;Koyraboro Senni;3;Others;16;0;Songhay;Songhay;Lexicon
kro;Krongo;1;Words derived from Sinitic cha;10.5;30;Kadugli;Kadu;Lexicon
kuq;Kumyk;1;Words derived from Sinitic cha;43;47.33333333;Turkic;Altaic;Lexicon
kjn;Kunjen;3;Others;-16.5;142.5;Northern Pama-Nyungan;Pama-Nyungan;Lexicon
kji;Kurmanji;1;Words derived from Sinitic cha;38;42;Iranian;Indo-European;Lexicon
lad;Ladakhi;1;Words derived from Sinitic cha;34;78;Bodic;Sino-Tibetan;Lexicon
lmp;Lampung;2;Words derived from Min Nan Chinese te;-5;105;Lampungic;Austronesian;Lexicon
lao;Lao;3;Others;18;103;Kam-Tai;Tai-Kadai;Lexicon
lat;Latvian;2;Words derived from Min Nan Chinese te;57;24;Baltic;Indo-European;Lexicon
lcr;Lesser Antillean French Creole;1;Words derived from Sinitic cha;15;-61.16666667;Creoles and Pidgins;other;Lexicon
lin;Lingala;2;Words derived from Min Nan Chinese te;2;18.5;Bantu;Niger-Congo;Lexicon
lis;Lisu;3;Others;26;98;Burmese-Lolo;Sino-Tibetan;Lexicon
lit;Lithuanian;3;Others;55;24;Baltic;Indo-European;Lexicon
lon;Loniu;3;Others;-2.066666667;147.3333333;Oceanic;Austronesian;Lexicon
lda;Luganda;1;Words derived from Sinitic cha;0.5;32.16666667;Bantu;Niger-Congo;Lexicon
luo;Luo;1;Words derived from Sinitic cha;-0.5;34.75;Western Nilotic;Eastern Sudanic;Lexicon
lux;Luxemburgeois;2;Words derived from Min Nan Chinese te;49.83333333;6.166666667;Germanic;Indo-European;Lexicon
mdr;Madurese;2;Words derived from Min Nan Chinese te;-7;113.5;Malayo-Sumbawan;Austronesian;Lexicon
mks;Makassar;2;Words derived from Min Nan Chinese te;-5.416666667;119.5833333;South Sulawesi;Austronesian;Lexicon
mal;Malagasy;2;Words derived from Min Nan Chinese te;-20;47;Barito;Austronesian;Lexicon
mym;Malayalam;1;Words derived from Sinitic cha;10;76.5;Dravidian;Dravidian;Lexicon
mlt;Maltese;2;Words derived from Min Nan Chinese te;35.91666667;14.41666667;Semitic;Afro-Asiatic;Lexicon
mnd;Mandarin;1;Words derived from Sinitic cha;34;110;Chinese;Sino-Tibetan;Lexicon
mao;Maori;2;Words derived from Min Nan Chinese te;-40;176;Oceanic;Austronesian;Lexicon
mku;Maranungku;3;Others;-13.66666667;130;Wagaydy;Western Daly;Lexicon
mhi;Marathi;1;Words derived from Sinitic cha;19;76;Indic;Indo-European;Lexicon
mme;Mari (Meadow);1;Words derived from Sinitic cha;57;48;Mari;Uralic;Lexicon
msh;Marshallese;2;Words derived from Min Nan Chinese te;7.116666667;171.05;Oceanic;Austronesian;Lexicon
mby;Mbay;1;Words derived from Sinitic cha;8.25;17.5;Bongo-Bagirmi;Central Sudanic;Lexicon
mnt;Mentawai;2;Words derived from Min Nan Chinese te;-1.5;99;Northwest Sumatra-Barrier Islands;Austronesian;Lexicon
hok;Min (Southern);2;Words derived from Min Nan Chinese te;25;118;Chinese;Sino-Tibetan;Lexicon
min;Minangkabau;2;Words derived from Min Nan Chinese te;-1;101;Malayo-Sumbawan;Austronesian;Lexicon
mss;Miwok (Southern Sierra);2;Words derived from Min Nan Chinese te;37.5;-120;Miwok;Penutian;Lexicon
mol;Moldavian;1;Words derived from Sinitic cha;47;29;Romance;Indo-European;Lexicon
moe;Mordvin (Erzya);1;Words derived from Sinitic cha;53;45.5;Mordvin;Uralic;Lexicon
nai;Nanai;1;Words derived from Sinitic cha;49.5;137;Tungusic;Altaic;Lexicon
nep;Nepali;1;Words derived from Sinitic cha;28;85;Indic;Indo-European;Lexicon
new;Newari (Kathmandu);1;Words derived from Sinitic cha;27.66666667;85.5;Himalayish;Sino-Tibetan;Lexicon
nog;Noghay;1;Words derived from Sinitic cha;44;46;Turkic;Altaic;Lexicon
nor;Norwegian;2;Words derived from Min Nan Chinese te;61;8;Germanic;Indo-European;Lexicon
nbd;Nubian (Dongolese);1;Words derived from Sinitic cha;18.25;30.75;Nubian;Eastern Sudanic;Lexicon
nun;Nung (in Vietnam);1;Words derived from Sinitic cha;21.91666667;106.4166667;Kam-Tai;Tai-Kadai;Lexicon
nyl;Nyelâyu;2;Words derived from Min Nan Chinese te;-20.33333333;164.3333333;Oceanic;Austronesian;Lexicon
occ;Occitan;2;Words derived from Min Nan Chinese te;44;2;Romance;Indo-European;Lexicon
ojm;Ojibwe (Minnesota);3;Others;47.66666667;-92.5;Algonquian;Algic;Lexicon
oya;Oriya;1;Words derived from Sinitic cha;21;85;Indic;Indo-European;Lexicon
orh;Oromo (Harar);1;Words derived from Sinitic cha;9;42;Lowland East Cushitic;Afro-Asiatic;Lexicon
owc;Oromo (West-Central);1;Words derived from Sinitic cha;9;37;Lowland East Cushitic;Afro-Asiatic;Lexicon
oss;Ossetic;1;Words derived from Sinitic cha;43;44;Iranian;Indo-European;Lexicon
pak;Pakanha;3;Others;-14.5;142.4166667;Northern Pama-Nyungan;Pama-Nyungan;Lexicon
pan;Panjabi;1;Words derived from Sinitic cha;31;74;Indic;Indo-European;Lexicon
psh;Pashto;1;Words derived from Sinitic cha;33;67;Iranian;Indo-European;Lexicon
psm;Passamaquoddy-Maliseet;3;Others;45;-67;Algonquian;Algic;Lexicon
prs;Persian;1;Words derived from Sinitic cha;32;54;Iranian;Indo-European;Lexicon
poh;Pohnpeian;2;Words derived from Min Nan Chinese te;6.883333333;158.25;Oceanic;Austronesian;Lexicon
pol;Polish;3;Others;52;20;Slavic;Indo-European;Lexicon
por;Portuguese;1;Words derived from Sinitic cha;39;-8;Romance;Indo-European;Lexicon
pro;Provençal;2;Words derived from Min Nan Chinese te;44;6;Romance;Indo-European;Lexicon
qaf;Qafar;1;Words derived from Sinitic cha;12;42;Lowland East Cushitic;Afro-Asiatic;Lexicon
qay;Quechua (Ayacucho);2;Words derived from Min Nan Chinese te;-14;-74;Quechuan;Quechuan;Lexicon
ren;Rendille;3;Others;2;37.5;Lowland East Cushitic;Afro-Asiatic;Lexicon
rbg;Romani (Burgenland);2;Words derived from Min Nan Chinese te;47.5;16.5;Indic;Indo-European;Lexicon
rka;Romani (Kalderash);3;Others;45;21;Indic;Indo-European;Lexicon
rlo;Romani (Lovari);2;Words derived from Min Nan Chinese te;47;21.5;Indic;Indo-European;Lexicon
rse;Romani (Sepecides);1;Words derived from Sinitic cha;38.25;27;Indic;Indo-European;Lexicon
rmc;Romansch;2;Words derived from Min Nan Chinese te;46.66666667;9.166666667;Romance;Indo-European;Lexicon
rus;Russian;1;Words derived from Sinitic cha;56;38;Slavic;Indo-European;Lexicon
sno;Saami (Northern);2;Words derived from Min Nan Chinese te;69;24;Saami;Uralic;Lexicon
san;Sango;1;Words derived from Sinitic cha;5;18;Ubangi;Niger-Congo;Lexicon
scr;Serbian-Croatian;1;Words derived from Sinitic cha;44;19;Slavic;Indo-European;Lexicon
ses;Sesotho;2;Words derived from Min Nan Chinese te;-28;27;Bantu;Niger-Congo;Lexicon
ssh;Shinassha;1;Words derived from Sinitic cha;10.41666667;36.16666667;Ta-Ne-Omotic;Afro-Asiatic;Lexicon
sdh;Sindhi;1;Words derived from Sinitic cha;26;69;Indic;Indo-European;Lexicon
snh;Sinhala;2;Words derived from Min Nan Chinese te;7;80.5;Indic;Indo-European;Lexicon
svk;Slovak;1;Words derived from Sinitic cha;49;20;Slavic;Indo-European;Lexicon
slo;Slovene;1;Words derived from Sinitic cha;46;15;Slavic;Indo-European;Lexicon
som;Somali;1;Words derived from Sinitic cha;3;45;Lowland East Cushitic;Afro-Asiatic;Lexicon
snn;Soninke;3;Others;15;-10.5;Western Mande;Mande;Lexicon
spa;Spanish;2;Words derived from Min Nan Chinese te;40;-4;Romance;Indo-European;Lexicon
sra;Sranan;2;Words derived from Min Nan Chinese te;5.833333333;-55.33333333;Creoles and Pidgins;other;Lexicon
sun;Sundanese;2;Words derived from Min Nan Chinese te;-7;107;Malayo-Sumbawan;Austronesian;Lexicon
swa;Swahili;1;Words derived from Sinitic cha;-6.5;39;Bantu;Niger-Congo;Lexicon
swe;Swedish;2;Words derived from Min Nan Chinese te;60;15;Germanic;Indo-European;Lexicon
tag;Tagalog;1;Words derived from Sinitic cha;15;121;Greater Central Philippine;Austronesian;Lexicon
tah;Tahitian;2;Words derived from Min Nan Chinese te;-17.66666667;-149.5833333;Oceanic;Austronesian;Lexicon
taj;Tajik;1;Words derived from Sinitic cha;38.66666667;70;Iranian;Indo-European;Lexicon
tvo;Tatar;1;Words derived from Sinitic cha;56;49.5;Turkic;Altaic;Lexicon
tel;Telugu;2;Words derived from Min Nan Chinese te;16;79;Dravidian;Dravidian;Lexicon
tha;Thai;1;Words derived from Sinitic cha;16;101;Kam-Tai;Tai-Kadai;Lexicon
tib;Tibetan (Standard Spoken);1;Words derived from Sinitic cha;30;91;Bodic;Sino-Tibetan;Lexicon
tiw;Tiwi;3;Others;-11.5;131;Tiwian;Tiwian;Lexicon
tsw;Tswana;2;Words derived from Min Nan Chinese te;-24;26;Bantu;Niger-Congo;Lexicon
tun;Tunica;3;Others;32.66666667;-91;Tunica;Tunica;Lexicon
tur;Turkish;1;Words derived from Sinitic cha;39;35;Turkic;Altaic;Lexicon
tkm;Turkmen;1;Words derived from Sinitic cha;40;58;Turkic;Altaic;Lexicon
tuv;Tuvan;1;Words derived from Sinitic cha;52;95;Turkic;Altaic;Lexicon
udm;Udmurt;1;Words derived from Sinitic cha;57.5;52.5;Permic;Uralic;Lexicon
ukr;Ukrainian;1;Words derived from Sinitic cha;49;33;Slavic;Indo-European;Lexicon
uyg;Uyghur;1;Words derived from Sinitic cha;40;80;Turkic;Altaic;Lexicon
uzb;Uzbek;1;Words derived from Sinitic cha;39;66;Turkic;Altaic;Lexicon
vie;Vietnamese;1;Words derived from Sinitic cha;10.5;106.5;Vietic;Austro-Asiatic;Lexicon
wam;Wambaya;3;Others;-18.66666667;135.75;Wambayan;Mirndi;Lexicon
wel;Welsh;2;Words derived from Min Nan Chinese te;52;-3;Celtic;Indo-European;Lexicon
wlo;Wolio;2;Words derived from Min Nan Chinese te;-5.5;122.75;Celebic;Austronesian;Lexicon
wlf;Wolof;3;Others;15.25;-16;Wolof;Niger-Congo;Lexicon
xho;Xhosa;2;Words derived from Min Nan Chinese te;-32;27;Bantu;Niger-Congo;Lexicon
ykt;Yakut;1;Words derived from Sinitic cha;62;130;Turkic;Altaic;Lexicon
yms;Yemsa;1;Words derived from Sinitic cha;7.833333333;37.33333333;Ta-Ne-Omotic;Afro-Asiatic;Lexicon
yor;Yoruba;2;Words derived from Min Nan Chinese te;8;4.333333333;Defoid;Niger-Congo;Lexicon
ypk;Yup'ik (Central);1;Words derived from Sinitic cha;59.5;-160;Eskimo;Eskimo-Aleut;Lexicon
zar;Zarma;3;Others;13.83333333;2.166666667;Songhay;Songhay;Lexicon
zqc;Zoque (Copainalá);3;Others;17;-93.25;Mixe-Zoque;Mixe-Zoque;Lexicon
zul;Zulu;3;Others;-30;30;Bantu;Niger-Congo;Lexicon
